constituency_name,choice,median,ci_low,ci_high
Alipurduars,AITC,32.4412343005509,31.9760448012084,32.9632390006826
Amdanga,AITC,32.6329087459511,32.174585929506,33.1106454412796
Amta,AITC,35.1592288643698,34.7566340763943,35.5847461381375
Arambag,AITC,33.3392003236014,32.9079990455971,33.7917779084776
Asansol Dakshin,AITC,32.6490627301708,32.1946477477167,33.1169634809911
Asansol Uttar,AITC,36.0562197595399,35.5735442312499,36.5197479948699
Ashoknagar,AITC,33.1448754993851,32.7143679775361,33.5993553689365
Ausgram,AITC,34.242653257123,33.84324669797,34.6656582252847
Baduria,AITC,36.1090716610141,35.6864949033622,36.5883093251566
Bagda,AITC,33.7906772042294,33.3703584070339,34.2269841848263
Baghmundi,AITC,30.7034218551278,30.1256287415412,31.3482109695585
Bagnan,AITC,36.4326860285844,35.9526111938601,36.9186899744043
Baharampur,AITC,28.782788153342,28.0879365418383,29.6387899268598
Baisnabnagar,AITC,31.7991879345487,31.3007437225176,32.3536982121159
Balagarh,AITC,34.0647116306004,33.6506802466536,34.4967616545469
Balarampur (Purulia),AITC,33.4916642644568,33.0723375363862,33.9379592408447
Bally,AITC,31.3042099679683,30.6904506064635,31.9304367251121
Ballygunge,AITC,41.8433059671415,40.6575620597915,42.9805868731988
Balurghat,AITC,30.4625786240868,29.8679036295799,31.0761403754536
Bandwan,AITC,34.9197363450774,34.5018546070042,35.4175917128441
Bangaon Dakshin,AITC,34.0483586486699,33.6658136230513,34.477777885449
Bangaon Uttar,AITC,32.7061145155882,32.2496703870756,33.178006660974
Bankura,AITC,33.128365396157,32.6949808747497,33.5847513021766
Barabani,AITC,35.6066005960232,35.066166488696,36.1126071594849
Baranagar,AITC,35.8291065093282,35.254059152589,36.367748218343
Barasat,AITC,34.4203386058582,34.0067358446424,34.8561937377561
Barjora,AITC,32.9365927057676,32.4915552117626,33.4026800325438
Barrackpur,AITC,33.1319635935716,32.6567810725244,33.6430549461672
Baruipur Paschim,AITC,38.2281574838333,37.6197112362683,38.8121212434904
Baruipur Purba,AITC,37.5203081971165,36.9628740395587,38.0464774800925
Basanti,AITC,36.3528538675909,35.9040128766319,36.8371864350892
Basirhat Dakshin,AITC,35.6516170064293,35.2238621536065,36.1327028343033
Basirhat Uttar,AITC,38.8497518027607,38.1923755920567,39.4453347780519
Behala Paschim,AITC,35.8522109387636,35.4114949952715,36.3097523678815
Behala Purba,AITC,35.7259388775351,35.2953570061765,36.1699939126241
Beldanga,AITC,37.3258959596921,36.7910529522979,37.8586303802499
Beleghata,AITC,40.0279324551383,39.059194722691,40.9339615477915
Bhabanipur,AITC,36.6966658502252,35.9215670392434,37.4360130382785
Bhagabangola,AITC,42.5513911512304,41.5052307285945,43.5604685102353
Bhagabanpur,AITC,32.8755369347331,32.4220053418953,33.3585433326143
Bhangar,AITC,30.3519395062167,29.7118256581881,31.1169228968761
Bharatpur,AITC,35.4739890153948,35.0124758229284,35.9156056060102
Bhatar,AITC,35.7380063889349,35.3122928748472,36.1799584277478
Bhatpara,AITC,30.3362196531623,29.6477777208468,31.0883673094447
Bidhannagar,AITC,33.4955116048291,33.0542144116956,33.9748620789136
Bijpur,AITC,33.452877530767,32.9212494696241,34.0159727601794
Binpur,AITC,36.2687640704866,35.7756585213603,36.7600847674694
Bishnupur (Bankura),AITC,31.9173236539469,31.4287611586963,32.4355125410946
Bishnupur (South 24 Parganas),AITC,38.7957216438971,38.1428490853397,39.3870260319854
Bolpur,AITC,36.089021743397,35.6401800946428,36.5567551810768
Budge Budge,AITC,37.9982027773752,37.4115328011079,38.5607631445072
Burdwan Dakshin,AITC,33.3571092281355,32.9348839291843,33.8097141493673
Burdwan Uttar,AITC,34.5658394112258,34.1328853210535,35.0667008457148
Burwan,AITC,33.5857946000608,33.1653746584707,34.0418966118818
Canning Paschim,AITC,35.9940792137016,35.5633086989561,36.4473459818164
Canning Purba,AITC,36.82954575141,36.3502270081968,37.3295665617363
Chakdaha,AITC,32.3842823482914,31.9167808081138,32.8803082672039
Chakulia,AITC,34.7818324458338,34.3211067861996,35.2423516639091
Champdani,AITC,35.4341223266889,35.0114831224105,35.8634108757696
Chanchal,AITC,38.3061206638731,37.6797264432078,38.925003380056
Chandannagar,AITC,34.1439890077667,33.7377694810584,34.5914531805682
Chandipur,AITC,35.6252372401204,35.2037881324191,36.0644440611934
Chanditala,AITC,35.3909259758159,34.9710300507147,35.8223714512609
Chandrakona,AITC,35.7571246463979,35.3179160377908,36.285418960654
Chapra,AITC,30.0704284054599,29.4518419354671,30.8076449680061
Chhatna,AITC,32.4717592267687,32.0033009348234,32.9451425053304
Chopra,AITC,39.5358916795749,38.7936789117455,40.2641113909361
Chowranghee,AITC,38.175874613766,37.1745677036703,39.1401434906489
Chunchura,AITC,34.7657428741354,34.3094101071237,35.3154325006363
Cooch Behar Dakshin,AITC,33.1953425172071,32.7699094638226,33.6555000269946
Cooch Behar Uttar,AITC,33.6412445111508,33.2001927195044,34.1491255879063
Dabgram-Phulbari,AITC,32.3384359317912,31.8072737916263,32.9850541368832
Dantan,AITC,34.6124131251522,34.2201649288813,35.0384481447093
Darjeeling,AITC,18.7922847131181,17.4832436580756,20.6365466233967
Daspur,AITC,36.3192251273212,35.8795447988643,36.7967497386565
Debra,AITC,34.2575109360112,33.8654539233451,34.6785698648366
Deganga,AITC,34.3815143219137,33.9824062934468,34.8040861654449
Dhanekhali,AITC,37.1802842950513,36.6728614265844,37.6975432226299
Dhupguri,AITC,33.5575780252513,33.133317405775,34.0249593830606
Diamond Harbour,AITC,33.4600092894298,33.0316414706607,33.9197648266887
Dinhata,AITC,35.1832206426122,34.7493960366626,35.6862500772611
Domjur,AITC,36.95137858848,36.458829109057,37.5021293859823
Domkal,AITC,38.1733013688887,37.5708429962193,38.720596371924
Dubrajpur,AITC,33.9976838105893,33.6081138981099,34.4291500454703
Dum Dum,AITC,34.1694008440902,33.7585423715986,34.6116424204998
Dum Dum Uttar,AITC,33.6648169043946,33.2600931147769,34.1038029830767
Durgapur Paschim,AITC,31.3014321384861,30.7690797802584,31.8619313828668
Durgapur Purba,AITC,32.0403099638509,31.561903051833,32.5530219019063
Egra,AITC,36.854857755811,36.3699631701698,37.3717150273316
English Bazar,AITC,32.1855388687831,31.7165240683852,32.7129997912621
Entally,AITC,39.8887566152748,38.9285947032138,40.7824865836546
Falakata,AITC,33.8188397756817,33.3953487963178,34.2550844495538
Falta,AITC,37.830102006427,37.25523356298,38.392779894409
Farakka,AITC,36.874972773229,36.3272782635985,37.4225794322694
Gaighata,AITC,32.9473528633205,32.513332357901,33.4057716145257
Galsi,AITC,35.4355257175164,35.0188257225771,35.8711754828194
Gangarampur,AITC,33.1325181554262,32.6971834844392,33.5670064247631
Garbeta,AITC,33.9007558360424,33.5134820368947,34.3345406802165
Gazole,AITC,33.7561009629101,33.3305817154586,34.1969817443132
Ghatal,AITC,34.490726809592,34.0779015187907,34.9253986656009
Goalpokhar,AITC,40.2008865849588,39.233328947164,41.1110031744703
Goghat,AITC,33.7299570020053,33.3062619620637,34.1693868459994
Gopiballavpur,AITC,36.1660122371077,35.6983286561506,36.6361850423019
Gosaba,AITC,36.718668113299,36.2153474544868,37.2329438516
Habibpur,AITC,30.9018560772796,30.3366216966078,31.5032354042889
Habra,AITC,33.3385190827271,32.9141721057286,33.7929539581259
Haldia,AITC,32.196224339757,31.7165243333815,32.7347826795491
Hansan,AITC,36.0334154633837,35.6136032839715,36.505073471007
Hariharpara,AITC,34.6985516452251,34.3003178930722,35.1199065099174
Haringhata,AITC,31.585466850942,31.0737034333565,32.1584091695035
Haripal,AITC,35.6703188895729,35.245894377847,36.1116244687151
Harirampur,AITC,35.5577824506996,35.0841163153153,36.0100266367931
Harishchandrapur,AITC,39.1821560230309,38.4785380997449,39.8882430038123
Haroa,AITC,38.5298222198812,37.8988401827271,39.1045540849924
Hemtabad,AITC,36.5204305501976,36.0577029097873,36.9976201917989
Hingalganj,AITC,36.6243660217264,36.1261598205033,37.1311094977737
Howrah Dakshin,AITC,37.0687630975216,36.558239940814,37.588586858737
Howrah Madhya,AITC,37.8797606700688,37.2900166888595,38.4985119634687
Howrah Uttar,AITC,33.6128549439714,33.1269467875955,34.130942822812
Indas,AITC,33.7139870112815,33.2907495458963,34.1516538861155
Islampur,AITC,38.0015041662142,37.2792955028567,38.6913008815553
Itahar,AITC,38.5585871195588,37.9025666594568,39.2249462807597
Jadavpur,AITC,33.9571584161127,33.547600231318,34.3848138999682
Jagatballavpur,AITC,35.7294426577376,35.2939829925925,36.2085029372971
Jagatdal,AITC,34.274068572607,33.8670347209483,34.720081024637
Jalangi,AITC,37.8372481420054,37.2640274096489,38.3795292533832
Jalpaiguri,AITC,32.9609015524276,32.5155162367273,33.4502665228264
Jamalpur,AITC,34.3251558023552,33.9336854778917,34.7451095577225
Jamuria,AITC,32.1082311452835,31.6076374039675,32.6086407088142
Jangipara,AITC,34.939503965938,34.5375740894084,35.3519138261048
Jangipur,AITC,42.2337699005728,41.1950737096464,43.2905935327997
Jaynagar,AITC,36.0383254815213,35.5956521462493,36.5035424686474
Jhargram,AITC,36.9437720042512,36.4344915204874,37.4567583244937
Jorasanko,AITC,34.3077633676894,33.5511868380195,35.1943363166892
Joypur (Purulia),AITC,19.1472556933802,17.7564231861169,20.9829486808959
Kakdwip,AITC,36.4507009687791,35.9968035802029,36.9314163621449
Kalchini,AITC,31.0064243658043,30.4522018561757,31.5881771010372
Kaliaganj,AITC,32.190584344477,31.6898759129164,32.7875807885001
Kaliganj,AITC,36.7128795747831,36.2324315976644,37.2125239754485
Kalimpong,AITC,18.6461703801832,17.3677648637563,20.4894070732982
Kalna,AITC,34.0315374503831,33.6469196018972,34.4601050290613
Kalyani,AITC,33.1272209252633,32.690503488189,33.5898958365799
Kamarhati,AITC,34.7223100931598,34.1698934357554,35.2967264342603
Kandi,AITC,35.534645703504,35.0594891310946,35.99228524308
Kanthi Dakshin,AITC,33.5404965329191,33.1266739598001,33.9742254189424
Kanthi Uttar,AITC,34.2057313739974,33.7890256890727,34.6539647654094
Karandighi,AITC,37.2973234457311,36.7644744564407,37.8344530703587
Karimpur,AITC,35.7591435065236,35.3267343597218,36.2032628589784
Kasba,AITC,37.3713996387845,36.8306377924847,37.8952030086213
Kashipur,AITC,33.0453399916112,32.6137445454588,33.5029689884488
Kashipur Belgachhia,AITC,36.4292084753406,35.7120697934464,37.0978998215158
Katulpur,AITC,32.8243331861425,32.3673311450974,33.3212552290549
Katwa,AITC,35.0591814375222,34.6483680619068,35.4843922242131
Keshiary,AITC,35.5666623203051,35.1383794438866,36.0051914785289
Keshpur,AITC,36.1651018877893,35.715067556203,36.6321260382977
Ketugram,AITC,34.3243125097409,33.9226598738332,34.7471359408502
Khanakul,AITC,33.2361987168674,32.8056854329734,33.6899222808527
Khandaghosh,AITC,34.8757724917521,34.4719537806897,35.3018855749546
Kharagpur,AITC,37.1305760249833,36.6097259572133,37.6559221501956
Kharagpur Sadar,AITC,32.7509932902746,32.2878557213383,33.2204443144179
Khardaha,AITC,34.675322306649,34.2620127681891,35.1072603092895
Khargram,AITC,35.1609296013561,34.7162496434141,35.5979348168612
Khejuri,AITC,33.1878082890057,32.7631152253701,33.6375421869063
Kolkata Port,AITC,41.3641133378276,40.2348699473558,42.4626562460665
Krishnaganj,AITC,32.7993249852401,32.3411794618519,33.3297800914258
Krishnanagar Dakshin,AITC,34.1398746252137,33.7471333960896,34.5686511744867
Krishnanagar Uttar,AITC,30.6412019450803,30.0643925604996,31.2786779520906
Kulpi,AITC,35.2188042617792,34.7848856868869,35.6521677916348
Kultali,AITC,36.4124683926324,35.9616829930955,36.8865967518216
Kulti,AITC,33.4439192160031,33.014567870366,33.9018192113876
Kumarganj,AITC,35.7129468523183,35.1690680730504,36.2168268928932
Kumargram,AITC,33.4606693942624,33.0341785226704,33.9392414040496
Kurseong,AITC,18.8664257563733,17.5401263020647,20.7036367035654
Kushmandi,AITC,34.6542902562659,34.2464730546325,35.088582615398
Labhpur,AITC,35.9508117913193,35.534161449999,36.416015430703
Lalgola,AITC,37.5689218730575,36.998469383479,38.1819841259971
Madarihat,AITC,30.0199477290748,29.3986956918552,30.6849970464005
Madhyamgram,AITC,35.4525567658687,35.037155088828,35.9041095063051
Magrahat Paschim,AITC,35.2033942278423,34.7745081111021,35.6312396461096
Magrahat Purba,AITC,36.84205453191,36.3366086987781,37.3468596035316
Maheshtala,AITC,38.0515094178605,37.4657002999897,38.6129879076512
Mahisadal,AITC,34.3929619651828,33.9934162721115,34.8164406803356
Mal,AITC,34.2885649051172,33.8908159352207,34.7095525441332
Malatipur,AITC,41.6652158430342,40.6565463934954,42.6785014868159
Maldaha,AITC,31.0243906117364,30.4769222437097,31.6315789585321
Manbazar,AITC,34.9538867063721,34.5515088745456,35.3716684939896
Mandirbazar,AITC,34.6061609636902,34.2141579491969,35.0302310090749
Mangalkot,AITC,35.4606509657471,35.035442988282,35.8904311327769
Manikchak,AITC,36.6708520853006,36.1885300276589,37.1680523511829
Maniktola,AITC,34.348420117765,33.7737481687781,34.9962035569645
Manteswar,AITC,35.6822066603187,35.259064063507,36.1249474744095
Mathabhanga,AITC,32.1988014806274,31.7288713043675,32.7211148249942
Matigara-Naxalbari,AITC,28.3902327977244,27.6029199819831,29.3383534424161
Maynaguri,AITC,33.6635317941727,33.2331612379624,34.14486472089
Mayureswar,AITC,35.4753158330249,35.0454729192301,35.912994130708
Medinipur,AITC,36.2658183759154,35.8165040013547,36.7646146306038
Mekliganj,AITC,35.3140809941067,34.8970711328825,35.7410632695626
Memari,AITC,34.8893325138048,34.4863267060357,35.3167944316876
Metiaburuz,AITC,45.1455843020585,43.7296674504155,46.5288595556837
Minakhan,AITC,36.1739270622102,35.7451659037553,36.654113846902
Mothabari,AITC,38.1634186954864,37.3794654554552,38.8728642216022
Moyna,AITC,34.8767310561005,34.4677435873075,35.2972818605827
Murarai,AITC,42.0547509851401,41.0396792374371,43.0201497681498
Murshidabad,AITC,32.4686772126628,31.9885425652584,33.0098330694018
Nabadwip,AITC,34.9778853951344,34.5731242106561,35.3921109333554
Nabagram,AITC,34.8390091898744,34.440453834318,35.2426236269242
Nagrakata,AITC,30.6530412280935,30.0795361934278,31.2751244348065
Naihati,AITC,34.4130386080218,33.9207689144166,34.9401299131207
Nakashipara,AITC,35.5085848007291,35.0807046503262,35.9509231167788
Nalhati,AITC,37.8622974215873,37.2852129053927,38.4270552688273
Nandakumar,AITC,34.9250773762484,34.5162078224334,35.3471175715844
Nandigram,AITC,34.9456127590738,34.5324724512601,35.3708776063481
Nanoor,AITC,35.0515292824854,34.6332154479519,35.5212917688426
Naoda,AITC,38.39562380373,37.7595589022166,39.0160916847667
Narayangarh,AITC,34.2908215227159,33.8916423502249,34.7141020502787
Natabari,AITC,32.2447657478081,31.7787203782743,32.7676992885869
Nayagram,AITC,36.1169451748395,35.6330977028218,36.5895632675949
Noapara,AITC,34.8146199782978,34.4005315549102,35.2336482378671
Onda,AITC,32.6312127844086,32.1664722960871,33.1539806002397
Palashipara,AITC,36.9401806840728,36.4274436932036,37.4503073963397
Panchla,AITC,34.9715170014912,34.5619429773106,35.398171241879
Pandaveswar,AITC,32.9076819083326,32.4531153456461,33.3786018851871
Pandua,AITC,34.2772512555687,33.8575151981172,34.7162172833455
Panihati,AITC,34.7282314326652,34.2719248660332,35.183158217642
Panskura Paschim,AITC,35.070081090587,34.65120704914,35.5324709870485
Panskura Purba,AITC,33.8551447998616,33.4598625118332,34.2939708981395
Para,AITC,32.7071236157483,32.2599510233907,33.1744248170566
Patashpur,AITC,35.6418840404165,35.2204543724307,36.0837467555551
Patharpratima,AITC,36.5588482991467,36.0991731360048,37.0474895732953
Phansidewa,AITC,30.9708078864815,30.4161583832421,31.5867699687815
Pingla,AITC,35.5363077896939,35.1165831337261,35.9822573239942
Purbasthali Dakshin,AITC,35.2749159428413,34.8569027038871,35.6971616976117
Purbasthali Uttar,AITC,33.1833705135679,32.7582439236483,33.6329951905482
Pursurah,AITC,32.4116705846377,31.942317605893,32.935679804648
Purulia,AITC,31.8464404175553,31.3432261723346,32.3876570920555
Raghunathganj,AITC,41.2583668669955,40.3191336515075,42.2188011215066
Raghunathpur (Purulia),AITC,32.7179081277425,32.2590538326086,33.1912980229961
Raidighi,AITC,35.4383045032348,35.0187916507115,35.933335423369
Raiganj,AITC,29.9263690198109,29.2960693032442,30.5982876689422
Raina,AITC,34.9198777209177,34.5107428444039,35.3493477805506
Raipur (Bankura),AITC,35.9789175058703,35.500161933314,36.4275373956643
Rajarhat Gopalpur,AITC,34.5918884401342,34.1607476300769,35.0330984348266
Rajarhat New Town,AITC,37.497447390471,36.9662015482474,38.0337497159969
Rajganj,AITC,35.0623762035872,34.6499601244693,35.4827275269635
Ramnagar (Purba Medinipur),AITC,35.9847863028576,35.5489719330029,36.4343048893363
Rampurhat,AITC,34.7193877409163,34.3222188089565,35.1429330358997
Ranaghat Dakshin,AITC,33.2742417053175,32.8318043318468,33.7963874064625
Ranaghat Uttar Paschim,AITC,32.3048542688691,31.8280376623577,32.8395484757678
Ranaghat Uttar Purba,AITC,31.8202135787394,31.3191046538718,32.3856365783604
Ranibandh,AITC,33.0230156627403,32.5896579841385,33.4741069632509
Raniganj,AITC,32.4749984794332,32.0050712321838,32.9450376986201
Raninagar,AITC,39.7341142477838,38.9785239926467,40.4408289983477
Rashbehari,AITC,34.8853427384534,34.2409694454471,35.5819894429867
Ratua,AITC,39.225259766788,38.5318662701219,39.8969084731313
Rejinagar,AITC,37.8388887325265,37.263066459616,38.4040193731103
Sabang,AITC,35.0293653541305,34.61032634524,35.5030801597743
Sagar,AITC,37.49859751953,36.9669945694267,38.0411996657395
Sagardighi,AITC,35.4691681096252,34.9990997833141,35.9219479202098
Sainthia,AITC,35.6496462895899,35.2233384552293,36.090949463775
Salboni,AITC,36.3964585669573,35.9346890421267,36.91467592065
Saltora,AITC,32.9185203802633,32.4808118950365,33.3821456768674
Samserganj,AITC,35.539502641715,35.0702294055226,35.9860501440565
Sandeshkhali,AITC,37.1289267931291,36.6091540088159,37.6498939121686
Sankrail,AITC,35.8796753332597,35.4438659815748,36.3249774359022
Santipur,AITC,33.0102822815538,32.5691591976121,33.4753912471268
Saptagram,AITC,34.6976460483948,34.2843587244844,35.1203400280313
Satgachhia,AITC,36.0985077846829,35.6539937640657,36.5825781989196
Shibpur,AITC,35.2749908655347,34.8123571068486,35.7244189870667
Shyampukur,AITC,34.9192329816511,34.1405149217441,35.767860578257
Shyampur,AITC,36.3447540248899,35.9041921019431,36.8244303008182
Siliguri,AITC,27.9948476900369,27.2532491520699,28.932525462827
Singur,AITC,34.8225650500855,34.4339193942364,35.2318734155913
Sitai,AITC,35.775506874363,35.3380610099421,36.2694815848002
Sitalkuchi,AITC,33.7435207211369,33.3030287190367,34.2539394631432
Sonamukhi,AITC,32.5683105132538,32.1048047979351,33.0474727749329
Sonarpur Dakshin,AITC,34.7550627876181,34.3499816836406,35.2063824127947
Sonarpur Uttar,AITC,35.9902205036866,35.5501631407365,36.492763463404
Sreerampur,AITC,34.9450022292391,34.5299796685467,35.3704069593765
Sujapur,AITC,44.1488549412988,42.8861687522799,45.3765375462228
Suri,AITC,35.0710719928045,34.6605201375312,35.5009972040714
Suti,AITC,38.9138201611102,38.2468342241662,39.5647385033828
Swarupnagar,AITC,34.4844635904543,34.0896583217711,34.9064210154074
Taldangra,AITC,33.6856939711321,33.2868772106991,34.1289243953747
Tamluk,AITC,34.4347018688398,34.0092518974553,34.9177373854043
Tapan,AITC,33.0774801387022,32.6425314477688,33.5126065972671
Tarakeswar,AITC,34.3477459767108,33.9543403818108,34.7688089923349
Tehatta,AITC,33.7814819210674,33.3603685836988,34.215876661202
Tollyganj,AITC,35.8080894237922,35.3563602611196,36.2549839716652
Tufanganj,AITC,31.8094233233214,31.3130653031309,32.3651046966394
Udaynarayanpur,AITC,35.7483558936169,35.3047198145569,36.2005236990566
Uluberia Dakshin,AITC,35.5252260712676,35.0990915824167,35.9616103131063
Uluberia Purba,AITC,33.335876957244,32.9138646633649,33.7740633345219
Uluberia Uttar,AITC,34.8324713274404,34.4143851859291,35.2589795730651
Uttarpara,AITC,34.2490526448577,33.8525259294543,34.6694206106992
Alipurduars,NDA,36.9078963659597,36.4512948954252,37.3132439030363
Amdanga,NDA,29.5232637816999,29.027379649754,30.0041894566897
Amta,NDA,32.4513640184436,32.0905056680477,32.7904936399661
Arambag,NDA,36.4319628589951,36.042419066683,36.8106054508077
Asansol Dakshin,NDA,35.3473477659732,34.9262516538325,35.7141355065177
Asansol Uttar,NDA,34.1976441705655,33.7683527166545,34.5949613465806
Ashoknagar,NDA,30.6175253509948,30.1764298983282,31.0575408094299
Ausgram,NDA,34.2081896461468,33.848359485707,34.5514299982184
Baduria,NDA,27.3712749829015,26.8842490873751,27.8522643316511
Bagda,NDA,37.2546803659024,36.8211890236675,37.6365296051561
Baghmundi,NDA,29.433314218747,28.8302988710345,30.0224862140113
Bagnan,NDA,33.06213749329,32.6611588885875,33.4533898261385
Baharampur,NDA,35.3191883570584,34.6860319329287,35.8491233944168
Baisnabnagar,NDA,33.0772909799537,32.6277881406098,33.495704095141
Balagarh,NDA,35.0705854530756,34.7071690895233,35.4182427758152
Balarampur (Purulia),NDA,35.4749370112732,35.0776378283806,35.824407233607
Bally,NDA,31.1986927751742,30.6238400454968,31.755917602798
Ballygunge,NDA,25.7680199490241,25.0130379260219,26.6104084343016
Balurghat,NDA,35.2925230713415,34.7350217511186,35.7908374909099
Bandwan,NDA,34.0046536971333,33.6377711619423,34.3900528926035
Bangaon Dakshin,NDA,36.3059277283762,35.8896218318465,36.6669493130633
Bangaon Uttar,NDA,36.3940293966093,35.9673827066489,36.7784800633885
Bankura,NDA,35.2848528483917,34.9087900825812,35.6489006307653
Barabani,NDA,32.6600113466756,32.215887401373,33.0662450553631
Baranagar,NDA,29.7186470781224,29.2591965453765,30.1479712288661
Barasat,NDA,32.2894139801988,31.9089451638136,32.6832748739568
Barjora,NDA,34.2413735514357,33.8500177086554,34.6194566203327
Barrackpur,NDA,32.7901926394092,32.3033132557693,33.2156336982908
Baruipur Paschim,NDA,29.0987736174664,28.6621667608236,29.5662769147607
Baruipur Purba,NDA,31.3329153866275,30.9187859679121,31.7568677723929
Basanti,NDA,29.0627828917998,28.6576959557833,29.4780791738227
Basirhat Dakshin,NDA,33.8195344876822,33.4430584835894,34.1918855381784
Basirhat Uttar,NDA,25.2425295786036,24.6649405727299,25.8423385692315
Behala Paschim,NDA,28.9210840179315,28.4532940622637,29.3462444208361
Behala Purba,NDA,31.2370083708077,30.8807791070603,31.6155035654621
Beldanga,NDA,29.3059917057444,28.9058924513717,29.7368251646797
Beleghata,NDA,26.28280876319,25.6710382946089,26.9969536295965
Bhabanipur,NDA,30.9138986022851,30.2897834224266,31.5490165913347
Bhagabangola,NDA,17.6414660536285,16.8390946305299,18.4082491033272
Bhagabanpur,NDA,38.9432327215836,38.4717400185423,39.3744510197185
Bhangar,NDA,23.8060382538035,22.8720515993152,24.6854843973414
Bharatpur,NDA,28.5176543730974,28.0972691287136,28.9288773904891
Bhatar,NDA,32.2122207544513,31.8580772613108,32.575543867208
Bhatpara,NDA,36.244832540748,35.4625553261554,36.9721325820063
Bidhannagar,NDA,33.674460568013,33.2218873682774,34.0623265890549
Bijpur,NDA,31.9325077494688,31.4189206545657,32.3923356633892
Binpur,NDA,30.4681977682017,30.0603118519297,30.8407146429825
Bishnupur (Bankura),NDA,35.8603584358304,35.4014655149102,36.2597912775069
Bishnupur (South 24 Parganas),NDA,31.6639942943198,31.1991000510658,32.1972005987382
Bolpur,NDA,34.5887849219006,34.1861342001975,34.9627205205245
Budge Budge,NDA,32.6111774578912,32.1448837939695,33.0991589542835
Burdwan Dakshin,NDA,33.8187162421533,33.4423797267947,34.1509234545948
Burdwan Uttar,NDA,33.8218553601382,33.4457365447508,34.2106707864914
Burwan,NDA,34.9664537483167,34.5603528829047,35.326906904383
Canning Paschim,NDA,31.9090276496339,31.5613400603184,32.2980398459478
Canning Purba,NDA,22.3807611094588,21.6416272510279,23.0809603500671
Chakdaha,NDA,36.2664686778756,35.8489168639309,36.6661732093318
Chakulia,NDA,29.2497646944957,28.8359047039222,29.6474962600269
Champdani,NDA,31.8293664828339,31.4537216070636,32.1679878296467
Chanchal,NDA,27.1923368013538,26.7209992792511,27.6804205430859
Chandannagar,NDA,29.4415409086987,29.031700223658,29.8440538847661
Chandipur,NDA,35.4201449491476,35.0013311811703,35.806890456289
Chanditala,NDA,29.5277736982096,29.1391843221109,29.9326049768621
Chandrakona,NDA,36.1058744457,35.6667080236895,36.5288004773757
Chapra,NDA,28.3874195172776,27.7017476555317,29.0462854076312
Chhatna,NDA,35.6207889589584,35.1904289532084,36.0028426954155
Chopra,NDA,29.9492514695299,29.4073862700574,30.5272322932374
Chowranghee,NDA,25.100602819119,24.4447623077386,25.8756377794325
Chunchura,NDA,33.9805047579057,33.5779599340582,34.3882894166283
Cooch Behar Dakshin,NDA,35.9748651636285,35.5504727181122,36.3373959061204
Cooch Behar Uttar,NDA,37.7039738876049,37.2441830527915,38.1163002602317
Dabgram-Phulbari,NDA,38.0744185184797,37.5218010448799,38.5558656430135
Dantan,NDA,36.3732443039523,35.9507839641743,36.7443615018763
Darjeeling,NDA,33.3467855262106,32.2221989345041,34.3925157858229
Daspur,NDA,33.9549134978535,33.5648894491435,34.3492344349402
Debra,NDA,34.2045661220836,33.8332894520703,34.5374052949801
Deganga,NDA,23.8548459269999,23.1507322792119,24.5496974846389
Dhanekhali,NDA,34.5785626689176,34.1250256150193,35.0470831074094
Dhupguri,NDA,36.1813812226681,35.7975307340079,36.5518741702636
Diamond Harbour,NDA,32.4304526422056,32.0087718554947,32.8451847915385
Dinhata,NDA,37.1270096979108,36.6643518039201,37.5482150401959
Domjur,NDA,32.570421948682,32.1843002961696,32.9856272327876
Domkal,NDA,17.1329251130719,16.220609003073,18.0223771036406
Dubrajpur,NDA,36.5129636902936,36.0951611617854,36.8781725751767
Dum Dum,NDA,30.5890521385983,30.2031713819643,30.9397390761906
Dum Dum Uttar,NDA,30.2011988123489,29.7779424684218,30.6239886368209
Durgapur Paschim,NDA,35.7578301332302,35.2920474185251,36.1819798633525
Durgapur Purba,NDA,33.074651188904,32.6559838357729,33.4593207516416
Egra,NDA,36.0805267949825,35.6057551558126,36.5389551492818
English Bazar,NDA,37.3762708806868,36.92529106601,37.7996301771709
Entally,NDA,28.7565072798808,28.1165401451333,29.4969528242782
Falakata,NDA,36.3888022052405,35.9895097712232,36.7545121419212
Falta,NDA,32.8291724267893,32.3537608646841,33.317869741266
Farakka,NDA,25.9854930457014,25.4882045322925,26.4864252239161
Gaighata,NDA,36.4381600952963,36.0223718781315,36.8239596691871
Galsi,NDA,34.303824031994,33.927682756665,34.670983564829
Gangarampur,NDA,35.8673177609501,35.4335193646856,36.2276461975171
Garbeta,NDA,33.9626279245268,33.5982795307644,34.2979622253556
Gazole,NDA,35.9784234261577,35.5999099346526,36.3473506034277
Ghatal,NDA,36.5562278939925,36.1434806691832,36.9394805339579
Goalpokhar,NDA,24.7989823177491,24.1691816018471,25.4441549689779
Goghat,NDA,36.3349928053714,35.9389007146248,36.6998536713087
Gopiballavpur,NDA,33.9375135600404,33.5218505739575,34.3265952540801
Gosaba,NDA,34.4621163212325,34.0009939038297,34.9094457146256
Habibpur,NDA,36.1888745787514,35.7009177708101,36.624717427179
Habra,NDA,34.593186017873,34.209643318156,34.923697539815
Haldia,NDA,36.5180614842064,36.0696767210566,36.9346100641818
Hansan,NDA,28.5068848546193,28.0829240485012,28.9386250147221
Hariharpara,NDA,19.2472322150004,18.3554845989653,20.1528872159639
Haringhata,NDA,36.0073737545148,35.5541182882722,36.4276149746773
Haripal,NDA,33.8757570108569,33.506030917302,34.2409924146709
Harirampur,NDA,33.2159809383,32.817642505596,33.5730525870205
Harishchandrapur,NDA,26.2206172055502,25.7047552171539,26.7596429132469
Haroa,NDA,23.4231579029518,22.784832958686,24.0663388874227
Hemtabad,NDA,34.1769120676388,33.7701958432176,34.5826572223825
Hingalganj,NDA,34.1194345121024,33.6723032904885,34.556112886357
Howrah Dakshin,NDA,30.16442129096,29.7838228146393,30.5869367822674
Howrah Madhya,NDA,31.2714662218341,30.8141602947565,31.7358720129305
Howrah Uttar,NDA,34.2411489971666,33.7212895926001,34.6842222675125
Indas,NDA,36.7890746385409,36.3740650429699,37.1668821786442
Islampur,NDA,32.3914480232596,31.8364001740724,32.9798327827349
Itahar,NDA,32.6189645546522,32.0681430226679,33.1965961667231
Jadavpur,NDA,27.1724992375055,26.6111963461882,27.71189577072
Jagatballavpur,NDA,33.1284386623182,32.7886440290898,33.5120673707734
Jagatdal,NDA,32.5308098416217,32.1451840098072,32.8686743053345
Jalangi,NDA,24.8823679775844,24.3055922098443,25.4830183261378
Jalpaiguri,NDA,34.6947602575237,34.2920457212946,35.0722592573383
Jamalpur,NDA,33.03401809708,32.6771609703891,33.3638218983427
Jamuria,NDA,32.1016747676061,31.672999678637,32.5054542105032
Jangipara,NDA,33.8133445997918,33.4559357702627,34.1613392069335
Jangipur,NDA,27.0135747497598,26.2999484990566,27.7982706980351
Jaynagar,NDA,30.8451400472351,30.4799818494926,31.2117804367602
Jhargram,NDA,32.0602947679489,31.6548786345688,32.4834805443729
Jorasanko,NDA,31.8860561381461,31.1383147947658,32.6270505295471
Joypur (Purulia),NDA,32.5122069763189,31.3234988882607,33.5756573375764
Kakdwip,NDA,34.3420213653011,33.9337795430327,34.7461963971279
Kalchini,NDA,37.8827269554596,37.3630582806484,38.34541482716
Kaliaganj,NDA,37.3735497930227,36.8840067227327,37.8058663681706
Kaliganj,NDA,30.209185011676,29.8398119429024,30.6090120588245
Kalimpong,NDA,31.1457600177135,30.0302279898019,32.2719155418307
Kalna,NDA,34.6679014473936,34.283650986147,35.0088382390197
Kalyani,NDA,35.3953595543429,35.0150943713068,35.7625501945266
Kamarhati,NDA,27.1525068254675,26.6288028779222,27.6200876814395
Kandi,NDA,29.6851724986032,29.2826624265242,30.0596818520651
Kanthi Dakshin,NDA,37.1906104352124,36.7581754727908,37.5789999721365
Kanthi Uttar,NDA,37.5250757810063,37.0851612901363,37.9232007533422
Karandighi,NDA,33.1470484323371,32.7206303520901,33.5945561887505
Karimpur,NDA,33.8531307062724,33.4877886934369,34.2231806666405
Kasba,NDA,28.078254222116,27.6141473821707,28.5362711273885
Kashipur,NDA,36.2612289093511,35.8190909089509,36.6318119558164
Kashipur Belgachhia,NDA,28.8771012511991,28.3317183862797,29.4473480364911
Katulpur,NDA,36.6284455798053,36.2023864529334,37.0178558033922
Katwa,NDA,35.5583769898607,35.1619557999513,35.9334310711683
Keshiary,NDA,34.9712390436619,34.5783272275291,35.368232241763
Keshpur,NDA,34.9283345355372,34.5121165978864,35.3103569819363
Ketugram,NDA,34.1496669950488,33.7852451686541,34.4902960739191
Khanakul,NDA,37.1975795539804,36.7776761073458,37.5942562158137
Khandaghosh,NDA,33.2935679691543,32.9424450380018,33.6329892304449
Kharagpur,NDA,32.6349123416447,32.2091317252409,33.065244702525
Kharagpur Sadar,NDA,35.3862189979492,34.9297327784625,35.7723274346605
Khardaha,NDA,30.8578605126283,30.4744859534775,31.1998003863357
Khargram,NDA,30.474180287118,30.0857527519687,30.8239276537489
Khejuri,NDA,37.9289422330081,37.4755121053014,38.3177932022637
Kolkata Port,NDA,27.5403144117472,26.7860730230907,28.4140616747732
Krishnaganj,NDA,37.9096553899865,37.4534713806133,38.3260701123224
Krishnanagar Dakshin,NDA,34.3525551968983,33.9768824609965,34.6892834042107
Krishnanagar Uttar,NDA,38.4694752538721,37.9206869782635,38.9504313414738
Kulpi,NDA,30.5350145627332,30.1511072907127,30.8947033263287
Kultali,NDA,30.3504070046605,29.9754291830029,30.7516826881847
Kulti,NDA,35.4745475126712,35.0359499140619,35.8380057801086
Kumarganj,NDA,31.4689153998487,31.035496229838,31.8578399994211
Kumargram,NDA,37.1015455617953,36.6749969256202,37.4937578485924
Kurseong,NDA,33.8027958365006,32.679809626951,34.861753458144
Kushmandi,NDA,34.1603241628353,33.7807320671912,34.5141731917175
Labhpur,NDA,34.9535035825828,34.5490997201665,35.3648719863265
Lalgola,NDA,22.2322040676566,21.5893684582559,22.8844779489751
Madarihat,NDA,37.7935736815098,37.2538007494917,38.3331336482636
Madhyamgram,NDA,28.9936901207222,28.5236610343414,29.4344578530959
Magrahat Paschim,NDA,27.4656985332353,27.0041227727158,27.9423957087524
Magrahat Purba,NDA,28.644040240356,28.248433988824,29.0753351092919
Maheshtala,NDA,30.1086459126541,29.6977287737752,30.5809657015841
Mahisadal,NDA,35.9416608638742,35.5426273236963,36.2998105456574
Mal,NDA,35.2983680262515,34.9256554815687,35.6486267966014
Malatipur,NDA,24.4996326960313,23.8169977051692,25.2192884061172
Maldaha,NDA,35.5258929521104,35.0441139366845,35.9722063545264
Manbazar,NDA,34.3221670227062,33.9546699324756,34.6831751019128
Mandirbazar,NDA,32.1827294476551,31.8214287755382,32.5137440160659
Mangalkot,NDA,33.6870991240309,33.3259231206167,34.044979225177
Manikchak,NDA,32.7471130646777,32.3466244427382,33.1508566874113
Maniktola,NDA,30.8662545098101,30.3123794531475,31.3501657899788
Manteswar,NDA,31.9682782265622,31.6023069237526,32.3168858324292
Mathabhanga,NDA,38.2792387312866,37.8041900362252,38.7002544060289
Matigara-Naxalbari,NDA,40.4563457958056,39.6743653877767,41.1187364690288
Maynaguri,NDA,37.3674891509681,36.9257149262513,37.7605643066837
Mayureswar,NDA,35.2802397287503,34.8628798495016,35.6655542236967
Medinipur,NDA,34.5783215386034,34.1686504964219,34.963997647276
Mekliganj,NDA,34.6705358206192,34.2610362464573,35.0315581361235
Memari,NDA,32.943229908592,32.5867358022604,33.289603899366
Metiaburuz,NDA,24.5487751537713,23.6448363686353,25.5836194405374
Minakhan,NDA,27.5640707858095,27.0986998758922,28.0389162986845
Mothabari,NDA,27.0748846163731,26.5766751828872,27.6418328274811
Moyna,NDA,36.9706052797016,36.534853890607,37.3777724768232
Murarai,NDA,26.9998042483172,26.3155169214785,27.7282463830029
Murshidabad,NDA,34.7248695510965,34.2979034484018,35.1325033718785
Nabadwip,NDA,33.7411871925163,33.3855903238501,34.0907183784504
Nabagram,NDA,30.0846745912729,29.6961407811253,30.4814168713573
Nagrakata,NDA,36.7455315650206,36.230581038822,37.2022181253864
Naihati,NDA,32.041063943801,31.5532729557502,32.4285182362765
Nakashipara,NDA,33.8477223568414,33.4840164927182,34.2120697042308
Nalhati,NDA,29.5233529717171,29.1096428839661,29.9622400140037
Nandakumar,NDA,36.0172678426615,35.627203527866,36.4045797296289
Nandigram,NDA,37.1379197833996,36.6926031473725,37.5580031243527
Nanoor,NDA,36.0251257288921,35.616102032427,36.4073743414442
Naoda,NDA,25.710750078704,25.1972459222902,26.2368661039577
Narayangarh,NDA,35.8414185907241,35.446950962847,36.192622300685
Natabari,NDA,37.8927670676672,37.4416788267394,38.3179596531101
Nayagram,NDA,33.9034197587947,33.4784265261401,34.3000202029756
Noapara,NDA,31.5628875519217,31.1879537571217,31.8951636688803
Onda,NDA,36.3716413148971,35.936398576457,36.7669318082839
Palashipara,NDA,29.282209847202,28.8962418005976,29.700798419007
Panchla,NDA,31.1002299089639,30.7285649078637,31.4719662317203
Pandaveswar,NDA,33.9692719115715,33.5251302722328,34.3491924652624
Pandua,NDA,30.5626485656393,30.141150192538,30.9836061882769
Panihati,NDA,31.3591220483321,30.9654145163039,31.7174105750204
Panskura Paschim,NDA,35.6856959371663,35.2874478513017,36.0561717907149
Panskura Purba,NDA,34.0063358921052,33.6283589097351,34.3258904104768
Para,NDA,35.3028488913059,34.8854324316777,35.6653971748763
Patashpur,NDA,35.8863032578689,35.4511686777812,36.3007811827591
Patharpratima,NDA,35.1565684145271,34.7364309705597,35.5850967214244
Phansidewa,NDA,37.516192615382,37.0178906070355,37.9674505309625
Pingla,NDA,36.4357541004118,35.9971092276763,36.8435005348743
Purbasthali Dakshin,NDA,34.3354696968584,33.965185937219,34.6982524398385
Purbasthali Uttar,NDA,33.9113163919695,33.5311252620876,34.2709845186836
Pursurah,NDA,38.6307684679944,38.1509331672931,39.0666359006746
Purulia,NDA,34.8987361106893,34.468977201813,35.3023873684348
Raghunathganj,NDA,22.2964331851465,21.6262909085573,22.9864239088477
Raghunathpur (Purulia),NDA,35.5049692326017,35.1091134340774,35.88126462457
Raidighi,NDA,31.6529896821788,31.2707433249713,32.0656795733646
Raiganj,NDA,36.1208631901846,35.5916128277455,36.6440836302429
Raina,NDA,33.9482740889782,33.5948406803231,34.3024107708265
Raipur (Bankura),NDA,34.4343038570914,33.9988883929834,34.8259325938689
Rajarhat Gopalpur,NDA,31.2918168977343,30.907523313327,31.6467438297271
Rajarhat New Town,NDA,30.2978138191681,29.8995793349013,30.7440651103266
Rajganj,NDA,34.399304505759,34.0290417975227,34.7632188449158
Ramnagar (Purba Medinipur),NDA,35.9479015944804,35.5058336945751,36.3614279282012
Rampurhat,NDA,35.2847156522584,34.8989460427657,35.6444749175166
Ranaghat Dakshin,NDA,37.6292583957365,37.174631251819,38.0344906206064
Ranaghat Uttar Paschim,NDA,37.8145440614873,37.357827911272,38.2414861730455
Ranaghat Uttar Purba,NDA,38.7645790239379,38.2685655640464,39.1957308414059
Ranibandh,NDA,34.1971157020193,33.8145783817824,34.5499437417438
Raniganj,NDA,33.5879639216317,33.1758009142659,33.9441766916044
Raninagar,NDA,19.097035286847,18.3253362248213,19.8574118360869
Rashbehari,NDA,30.79088016704,30.1955815095787,31.3369427790236
Ratua,NDA,27.9097113933854,27.4253095704749,28.4512890675564
Rejinagar,NDA,26.976052923822,26.5191930112113,27.4877212765976
Sabang,NDA,35.5006775689211,35.1151978201225,35.8737811356497
Sagar,NDA,35.0513844957107,34.5746513340463,35.5518554213377
Sagardighi,NDA,26.5627043886454,26.0974876580219,27.0821918453443
Sainthia,NDA,35.1976573070019,34.7847576140106,35.5731973583426
Salboni,NDA,33.5389931358471,33.1632780053764,33.9499485767789
Saltora,NDA,35.5527163682373,35.149508714681,35.912958912077
Samserganj,NDA,17.3521979120975,16.446277887699,18.2838947164459
Sandeshkhali,NDA,32.1768673673816,31.7669144782592,32.6176470779266
Sankrail,NDA,30.8591473934166,30.5031661812296,31.2437304593217
Santipur,NDA,37.4261431516054,36.9967409553553,37.830734738151
Saptagram,NDA,34.8356974094929,34.4452781388913,35.1783351421292
Satgachhia,NDA,34.5130010805993,34.1157132710571,34.8945790333527
Shibpur,NDA,30.5211827154282,30.1232887242946,30.8799540390682
Shyampukur,NDA,29.1355778554718,28.4437199755618,29.7643626184705
Shyampur,NDA,33.1617446049391,32.7799107158625,33.5441641687756
Siliguri,NDA,36.6396361636496,35.9819812594992,37.2375317128351
Singur,NDA,32.1455914994146,31.7889960580788,32.4935580202157
Sitai,NDA,36.2404990049251,35.8050012853643,36.6510688361222
Sitalkuchi,NDA,38.1985371296753,37.7097340756155,38.6188717847992
Sonamukhi,NDA,36.3297631892145,35.9231933831078,36.7245409701424
Sonarpur Dakshin,NDA,32.4212019375316,32.0445434802086,32.8126059309679
Sonarpur Uttar,NDA,32.2947179672494,31.9357994297371,32.711033153628
Sreerampur,NDA,32.3262912825619,31.9494426107339,32.66494757732
Sujapur,NDA,17.3101532845935,16.4792502268993,18.1463064313426
Suri,NDA,35.8520262657374,35.4274272192021,36.2195794963812
Suti,NDA,28.3838907107663,27.9101797185478,28.9027568096637
Swarupnagar,NDA,29.9202670477787,29.5111116678302,30.3294779237598
Taldangra,NDA,33.3348225408554,32.9683875405601,33.6607629684833
Tamluk,NDA,36.2602277838379,35.8530152181912,36.6410660422216
Tapan,NDA,35.2859934487295,34.8691341174636,35.6429968298435
Tarakeswar,NDA,34.9679263703338,34.5894426403743,35.3093494197917
Tehatta,NDA,34.5332791256588,34.1796824547049,34.8820892923325
Tollyganj,NDA,27.647625542826,27.1988170276924,28.1093741495276
Tufanganj,NDA,38.749064545488,38.2517659570235,39.186097691024
Udaynarayanpur,NDA,35.2408422161405,34.8225334639201,35.637465420818
Uluberia Dakshin,NDA,32.3103787569559,31.9381541158059,32.650423780177
Uluberia Purba,NDA,31.863397732482,31.4741649823546,32.201717556619
Uluberia Uttar,NDA,32.6482642755648,32.2696438575587,32.9725197599097
Uttarpara,NDA,28.9780105872799,28.5494936208285,29.4169602332663
Alipurduars,OTHER,11.9035052654951,11.650583119423,12.1661817960355
Amdanga,OTHER,18.6793452567687,18.2413705523391,19.1136076568471
Amta,OTHER,13.098460289247,12.8727773159967,13.3452753410088
Arambag,OTHER,11.368528776273,11.1403833129662,11.623886890468
Asansol Dakshin,OTHER,12.1519992963563,11.9267226467597,12.3939434272566
Asansol Uttar,OTHER,9.8379210866907,9.61439344066376,10.0754108018695
Ashoknagar,OTHER,17.2612835623722,16.914984778682,17.6299105851286
Ausgram,OTHER,12.5878999749089,12.3696274441628,12.8325499429464
Baduria,OTHER,17.3782000995493,16.9930115142581,17.7635400860239
Bagda,OTHER,10.0477484413747,9.80038402487464,10.3186607683798
Baghmundi,OTHER,20.4783525632171,19.9882610745494,21.0025261088408
Bagnan,OTHER,10.8641265828952,10.6556594005861,11.0994915497206
Baharampur,OTHER,16.1706692779503,15.8259694299307,16.541283222292
Baisnabnagar,OTHER,15.8310829402235,15.529864126014,16.158940238845
Balagarh,OTHER,12.0068380527232,11.7881364950484,12.2509996898891
Balarampur (Purulia),OTHER,11.3175072304291,11.1001029589111,11.5517922022445
Bally,OTHER,14.6592772562868,14.3516440077035,15.0077728841135
Ballygunge,OTHER,10.7045565476279,10.3216758671902,11.0837922573369
Balurghat,OTHER,12.5968547448681,12.31810489122,12.8491539564843
Bandwan,OTHER,13.0425520903219,12.8157147533439,13.2987105217287
Bangaon Dakshin,OTHER,10.3098385041508,10.0700358076617,10.5579535173567
Bangaon Uttar,OTHER,11.4579655037644,11.2136758931502,11.701611013402
Bankura,OTHER,12.6563191583806,12.4242667554188,12.9134931709602
Barabani,OTHER,10.8196494784078,10.5989741767207,11.0528396519363
Baranagar,OTHER,13.1572776917853,12.8955971627204,13.4436518971708
Barasat,OTHER,14.6598042099655,14.4181819431823,14.9454459000489
Barjora,OTHER,13.9510910437874,13.7009392931053,14.2106721985609
Barrackpur,OTHER,12.2565215687358,11.9962060117125,12.4880913565316
Baruipur Paschim,OTHER,13.4855198249718,13.1798081874337,13.7751132415144
Baruipur Purba,OTHER,12.5055219844684,12.2567716126898,12.7681952385195
Basanti,OTHER,15.5032247407246,15.2038695878695,15.8085765915686
Basirhat Dakshin,OTHER,12.2871343513108,12.0740738108742,12.5332402743255
Basirhat Uttar,OTHER,17.7874196669304,17.2903165501118,18.2256881148528
Behala Paschim,OTHER,16.7696235679496,16.4092679817352,17.1178111363776
Behala Purba,OTHER,14.2714007511358,14.0151900431038,14.5506453792331
Beldanga,OTHER,13.9090471296489,13.618276736364,14.2036605955357
Beleghata,OTHER,12.3196269010035,11.9567809681116,12.6682689055363
Bhabanipur,OTHER,9.63950665790839,9.38227087899501,9.91739397588093
Bhagabangola,OTHER,21.2110302718249,20.3390833636739,21.9985911737621
Bhagabanpur,OTHER,9.43362386598436,9.1430230110878,9.70972413864279
Bhangar,OTHER,27.8659308477563,26.9688226562672,28.8177682582654
Bharatpur,OTHER,15.9351665362419,15.6112339991003,16.2562885522207
Bhatar,OTHER,12.9823847979001,12.7536703483894,13.2276367473101
Bhatpara,OTHER,9.7250932662873,9.42864160547366,10.0290114197155
Bidhannagar,OTHER,11.6101833572347,11.3666119857155,11.8253794722594
Bijpur,OTHER,12.3804617876286,12.1213214326122,12.6388181260463
Binpur,OTHER,13.1682582657295,12.9175487996821,13.4374014531846
Bishnupur (Bankura),OTHER,12.2340450196909,11.9929899862053,12.4770349894261
Bishnupur (South 24 Parganas),OTHER,11.3659783527408,11.1204710807742,11.6502657154711
Bolpur,OTHER,10.8809416239404,10.6710628598919,11.1312027398134
Budge Budge,OTHER,10.419679725696,10.2020040679633,10.6668387670178
Burdwan Dakshin,OTHER,13.400806641534,13.1688011300015,13.6583874114168
Burdwan Uttar,OTHER,13.6014600126202,13.3722933634121,13.8739128555313
Burwan,OTHER,10.8519953882514,10.6285142563963,11.0832639064482
Canning Paschim,OTHER,13.18708348515,12.9456253350486,13.4351640224997
Canning Purba,OTHER,22.461416099296,21.7518314365019,23.1187038381474
Chakdaha,OTHER,12.1817273508998,11.9324342234107,12.4323206276896
Chakulia,OTHER,15.2339958403637,14.9247405545595,15.558129003867
Champdani,OTHER,13.1448778007179,12.9183531397953,13.3912763124954
Chanchal,OTHER,14.8592957300634,14.4921614111608,15.1895071809538
Chandannagar,OTHER,16.0334188980663,15.7065138518476,16.3643506896929
Chandipur,OTHER,10.1304363666867,9.89885381305333,10.3821137135589
Chanditala,OTHER,15.7282578912018,15.4331966382482,16.0350384631112
Chandrakona,OTHER,10.4030737775905,10.1681507745698,10.6645392806878
Chapra,OTHER,22.42997667879,21.8166418493675,23.0693682415013
Chhatna,OTHER,12.139210820603,11.9081953853225,12.3879539726891
Chopra,OTHER,11.0248036800073,10.7595467778042,11.3094183189443
Chowranghee,OTHER,13.2289596621733,12.8081608633976,13.6525053203243
Chunchura,OTHER,13.7189456567319,13.4816544268574,14.0019435001878
Cooch Behar Dakshin,OTHER,11.0135885720694,10.7802472381223,11.2554060766468
Cooch Behar Uttar,OTHER,10.7266885306588,10.4735431478345,10.9941019697187
Dabgram-Phulbari,OTHER,12.2213829367684,11.9450391432124,12.5222560771888
Dantan,OTHER,9.28812920946254,9.03696248008684,9.5398793738715
Darjeeling,OTHER,26.853381243088,25.9008576478668,27.8734474348256
Daspur,OTHER,10.9719665917598,10.7621195206169,11.2145857499116
Debra,OTHER,12.0894158466399,11.8777909378076,12.3248764358665
Deganga,OTHER,22.6896736551418,22.0280028758287,23.357056530545
Dhanekhali,OTHER,9.91835977943409,9.69477460312988,10.1662911210402
Dhupguri,OTHER,11.7680729134969,11.5341477898969,12.0240360838296
Diamond Harbour,OTHER,15.465482420013,15.1915990486043,15.7742424944812
Dinhata,OTHER,9.74914604066162,9.49608832066687,10.008037456441
Domjur,OTHER,12.7978767983927,12.5678496169102,13.0568259983282
Domkal,OTHER,26.1069264483207,25.1896206663345,26.9439013452305
Dubrajpur,OTHER,10.0280055452971,9.78425236329246,10.2767575399318
Dum Dum,OTHER,15.0012730847376,14.7282112140069,15.2893335521013
Dum Dum Uttar,OTHER,17.0211723724347,16.6806142666098,17.3807478869825
Durgapur Paschim,OTHER,13.1694811815249,12.9183229947043,13.4317812924865
Durgapur Purba,OTHER,14.946122150563,14.6866425477623,15.2352264064377
Egra,OTHER,9.0103814821339,8.76710982031047,9.27805820826098
English Bazar,OTHER,11.4053842568536,11.1513031840521,11.6656953140652
Entally,OTHER,9.921651884124,9.62682409822652,10.217809703619
Falakata,OTHER,10.9577395861358,10.7276116185573,11.2143908078894
Falta,OTHER,10.0136755604509,9.7981867365813,10.2661731976061
Farakka,OTHER,16.9515605717086,16.5570332241699,17.3419987380653
Gaighata,OTHER,11.4930593657324,11.2563876160912,11.7418728852233
Galsi,OTHER,11.5147010201986,11.3082550587913,11.7576490289818
Gangarampur,OTHER,10.9442286849505,10.7155033009685,11.1814017210458
Garbeta,OTHER,12.8005723809816,12.5879762525263,13.0456676049569
Gazole,OTHER,11.451164620155,11.225995992269,11.7013099021923
Ghatal,OTHER,10.3099194982934,10.0706771185874,10.5687346838051
Goalpokhar,OTHER,13.7601931700948,13.3356251526485,14.1940001432167
Goghat,OTHER,11.0608295029522,10.8315631749663,11.3156371607467
Gopiballavpur,OTHER,10.2331064440644,10.0162063961581,10.4639139191782
Gosaba,OTHER,9.00253911417042,8.77824494771582,9.25373134711426
Habibpur,OTHER,13.190241186482,12.927867032447,13.4567143241833
Habra,OTHER,12.5957637076049,12.3731483883181,12.8449471037475
Haldia,OTHER,12.4615029110004,12.1981397670085,12.7197505073082
Hansan,OTHER,16.2394472820579,15.9167014817942,16.5695218833695
Hariharpara,OTHER,27.0577859967856,26.1385826974651,27.9326839185364
Haringhata,OTHER,13.1921162873143,12.9338639504279,13.4632653964557
Haripal,OTHER,11.6488464991869,11.439207219178,11.892009077185
Harirampur,OTHER,11.0961242492734,10.8827635070126,11.3274555054804
Harishchandrapur,OTHER,15.0912933658465,14.6804598544597,15.4506859804904
Haroa,OTHER,19.4854812047622,18.9033026295852,20.0143206711944
Hemtabad,OTHER,10.5842601269277,10.3710013856928,10.8253085692914
Hingalganj,OTHER,9.39626661842037,9.17690138997752,9.64146916310295
Howrah Dakshin,OTHER,13.7979532687072,13.517944990536,14.073346597438
Howrah Madhya,OTHER,10.9994970734478,10.7624958313683,11.2476258527925
Howrah Uttar,OTHER,10.3806403550483,10.1391742082552,10.6275103546518
Indas,OTHER,10.5797701003537,10.3445608790715,10.8413125263342
Islampur,OTHER,8.70999601904006,8.47164510754283,8.96733353980525
Itahar,OTHER,8.9316551863156,8.69523174855033,9.18726984639124
Jadavpur,OTHER,19.8355188836801,19.3570166929221,20.3625356497424
Jagatballavpur,OTHER,12.8963747177229,12.6768977636332,13.1442874633802
Jagatdal,OTHER,12.7850955218222,12.5609923639385,13.0156613904576
Jalangi,OTHER,18.5264972756028,18.0163442511885,18.9877019655203
Jalpaiguri,OTHER,13.7234531928676,13.4794224377569,13.9881430513873
Jamalpur,OTHER,13.2665173534619,13.0454030425365,13.5131614222502
Jamuria,OTHER,14.7775460557371,14.5139457033211,15.0757392369301
Jangipara,OTHER,12.0322506925486,11.824904423779,12.2671667309141
Jangipur,OTHER,11.0393626255568,10.6832051774375,11.3837892824191
Jaynagar,OTHER,13.579774075028,13.3374719768868,13.8385962960669
Jhargram,OTHER,11.4239489215611,11.2036965369755,11.6629418560329
Jorasanko,OTHER,9.73787540268136,9.4532707575695,10.029962143157
Joypur (Purulia),OTHER,28.7833605127015,27.7461170388439,29.8820560369551
Kakdwip,OTHER,10.3369034471178,10.1241121502985,10.5769744904705
Kalchini,OTHER,11.3109651588966,11.0383972679803,11.5734232281293
Kaliaganj,OTHER,12.3465954352774,12.0778854408349,12.6242788666429
Kaliganj,OTHER,13.8156316537956,13.5436633480541,14.0888800697646
Kalimpong,OTHER,28.57478034173,27.5710272517601,29.7336478981551
Kalna,OTHER,12.0114763996443,11.79174133487,12.2460621412602
Kalyani,OTHER,12.6357886429335,12.401586785415,12.8946929096234
Kamarhati,OTHER,16.124437191039,15.7372053065696,16.5120206066534
Kandi,OTHER,14.6008104986674,14.3262608561714,14.8907741339868
Kanthi Dakshin,OTHER,9.40854755335459,9.15167141136861,9.66058835390128
Kanthi Uttar,OTHER,9.73989556693935,9.48361531238984,10.009651983511
Karandighi,OTHER,10.4342217806582,10.22329875419,10.6679184765408
Karimpur,OTHER,11.6113544693988,11.4006305934096,11.8534787033275
Kasba,OTHER,15.840796115635,15.4982503437518,16.1780714789708
Kashipur,OTHER,10.855268455178,10.615716506802,11.0963477922863
Kashipur Belgachhia,OTHER,12.274342170146,11.9753239546175,12.5675161173839
Katulpur,OTHER,11.8511951473866,11.6084170842574,12.1124223536234
Katwa,OTHER,10.7026491918543,10.4802496827497,10.9560953439475
Keshiary,OTHER,10.3334022479114,10.1084261342561,10.5800117703145
Keshpur,OTHER,10.4704627728469,10.244789662741,10.718066746068
Ketugram,OTHER,12.4986068742908,12.2845593702368,12.7428184910114
Khanakul,OTHER,10.6264679504704,10.3878763430782,10.8890796643864
Khandaghosh,OTHER,12.9049819481584,12.6870493853725,13.1438468588118
Kharagpur,OTHER,10.5979625171719,10.3809790711201,10.8335454873846
Kharagpur Sadar,OTHER,11.0494595185605,10.8109295456222,11.2806662532343
Khardaha,OTHER,14.1329075383388,13.8859367209414,14.4118637682079
Khargram,OTHER,14.1545269649043,13.9037061118837,14.4364395060793
Khejuri,OTHER,9.73648697883492,9.47301731026602,10.0032358938818
Kolkata Port,OTHER,9.46028594020754,9.12580382112449,9.78388606226735
Krishnaganj,OTHER,10.8988829619845,10.6514357249228,11.1720668185088
Krishnanagar Dakshin,OTHER,11.6959822029809,11.4823388394722,11.9239059319189
Krishnanagar Uttar,OTHER,11.3281187796836,11.0474023292438,11.5998309583154
Kulpi,OTHER,14.3304878676649,14.0787244584262,14.6127521497097
Kultali,OTHER,14.6865758001795,14.4070382839166,14.9747987186941
Kulti,OTHER,10.4045776314552,10.1773828298166,10.6436257447671
Kumarganj,OTHER,11.9805222294035,11.7535295359436,12.2244328727689
Kumargram,OTHER,11.0687293581421,10.8332024220468,11.3398169342324
Kurseong,OTHER,26.6299355961706,25.6836300455446,27.6208479999508
Kushmandi,OTHER,10.8979942987367,10.6809079785867,11.1375701890667
Labhpur,OTHER,9.93630693739117,9.71228234438953,10.1793696876824
Lalgola,OTHER,20.1537744648036,19.5706438587643,20.7245328335185
Madarihat,OTHER,11.1579875874406,10.8800420203712,11.4174466256595
Madhyamgram,OTHER,17.1162047122661,16.7510506129577,17.4829541599358
Magrahat Paschim,OTHER,17.4514178990456,17.0774546592869,17.8537872237394
Magrahat Purba,OTHER,15.1272599829748,14.8069060429856,15.4409069768471
Maheshtala,OTHER,12.9764119077793,12.7002006584006,13.2541192154077
Mahisadal,OTHER,10.7959256335254,10.5689998379747,11.054982837536
Mal,OTHER,11.2923445779024,11.0761711641497,11.5349339108998
Malatipur,OTHER,13.6058235859678,13.1560444424748,14.04305723076
Maldaha,OTHER,14.0692076435478,13.8088308248831,14.3398630393202
Manbazar,OTHER,11.6331217553588,11.423831646748,11.8661923746855
Mandirbazar,OTHER,13.5556310694561,13.3262492551676,13.8067425965783
Mangalkot,OTHER,11.9073390440224,11.6966459967563,12.1476662456977
Manikchak,OTHER,11.2169850376224,10.999783954891,11.4511287028942
Maniktola,OTHER,12.2802891784449,12.0075197186938,12.5652565653783
Manteswar,OTHER,13.0773958112131,12.8428516501996,13.3242733038079
Mathabhanga,OTHER,10.4327946710425,10.1724806520318,10.6992238518333
Matigara-Naxalbari,OTHER,13.1138434115641,12.7456583947259,13.4444587688089
Maynaguri,OTHER,10.7379369122348,10.4934105244923,11.0033193645127
Mayureswar,OTHER,9.59103098293996,9.36589600925919,9.83213817196106
Medinipur,OTHER,11.0378195483977,10.823126953588,11.2857606086583
Mekliganj,OTHER,10.3359806195939,10.1153822897887,10.5745880663363
Memari,OTHER,13.2724689272817,13.0510452111636,13.5163910350265
Metiaburuz,OTHER,10.5370769573519,10.1091463982725,10.9726055675783
Minakhan,OTHER,17.1001674075069,16.7232952957371,17.4698019135819
Mothabari,OTHER,13.5861464111074,13.2455791085626,13.9287472741385
Moyna,OTHER,9.4649273606354,9.21113640629993,9.73614868218692
Murarai,OTHER,12.0194596620149,11.6531154402993,12.3725195174637
Murshidabad,OTHER,14.3079059585934,14.0545701660758,14.5869370796848
Nabadwip,OTHER,12.0718300051869,11.86402258971,12.306751043673
Nabagram,OTHER,15.7898376968326,15.4997478159353,16.0967655669359
Nagrakata,OTHER,12.6062660569306,12.3360429599429,12.8686202575406
Naihati,OTHER,12.0762034090605,11.8426766478015,12.3167854595233
Nakashipara,OTHER,11.3930191182609,11.1815015611138,11.631227501484
Nalhati,OTHER,13.2828448863113,12.9930787733824,13.5593540964677
Nandakumar,OTHER,10.4857741676417,10.253494418906,10.7406467944031
Nandigram,OTHER,9.38636573053419,9.13072828704505,9.65993926397497
Nanoor,OTHER,10.6666683401137,10.4345843882876,10.9207475650837
Naoda,OTHER,16.3679789624349,15.9424062114433,16.7417907292632
Narayangarh,OTHER,10.9340342817681,10.7072327527605,11.1893566610409
Natabari,OTHER,10.8906706605808,10.6270279596169,11.1527144833301
Nayagram,OTHER,10.045879235388,9.82660459815179,10.2823517369601
Noapara,OTHER,13.6902004909783,13.4625111964502,13.9438582216052
Onda,OTHER,12.3676046108548,12.1154086819238,12.6234063165756
Palashipara,OTHER,14.2745338480789,13.983752308107,14.5680162919984
Panchla,OTHER,14.9640286478654,14.7000904587037,15.2555337542151
Pandaveswar,OTHER,12.0079866679047,11.7645878217636,12.2186191756909
Pandua,OTHER,16.4620965708382,16.1486440605937,16.7990582278073
Panihati,OTHER,13.2024079910292,12.9712474687127,13.4574332911881
Panskura Paschim,OTHER,10.9401603570478,10.7179669169628,11.1989654400583
Panskura Purba,OTHER,12.4329928795576,12.2159369581049,12.6672593897901
Para,OTHER,12.1090161819785,11.8837875838097,12.3485179946676
Patashpur,OTHER,9.19434894331185,8.9595677155027,9.45516957600146
Patharpratima,OTHER,9.89334142926756,9.66460250793897,10.1529233653331
Phansidewa,OTHER,12.1733343785457,11.8939586642449,12.4372963380234
Pingla,OTHER,9.5065117202813,9.2623778394964,9.7763998035487
Purbasthali Dakshin,OTHER,11.3628998844159,11.1574681422915,11.6045920164214
Purbasthali Uttar,OTHER,13.7547537109014,13.5152551526506,14.014164994367
Pursurah,OTHER,10.2230094467754,9.94923760356578,10.4938828016656
Purulia,OTHER,13.8917004093822,13.6407985025741,14.1547004852804
Raghunathganj,OTHER,16.4387883879477,15.875169388145,16.9878258507149
Raghunathpur (Purulia),OTHER,12.7206103944869,12.4820579461697,12.9764726026873
Raidighi,OTHER,14.7774378876098,14.513698302208,15.0673569629577
Raiganj,OTHER,12.6877980438153,12.3964643189255,12.945204876271
Raina,OTHER,12.6539144957178,12.4334832038752,12.8949606390374
Raipur (Bankura),OTHER,9.74981840691065,9.52312333313439,9.98726276166498
Rajarhat Gopalpur,OTHER,13.5948189609864,13.3626580808494,13.8552826425525
Rajarhat New Town,OTHER,13.9258980839917,13.6466578283997,14.2091231856601
Rajganj,OTHER,11.526241307956,11.3199457283534,11.7618336310356
Ramnagar (Purba Medinipur),OTHER,9.3066752613637,9.06950217845804,9.57967696860904
Rampurhat,OTHER,11.0399639304305,10.8244865950229,11.2929548879384
Ranaghat Dakshin,OTHER,11.0819324078613,10.8286722961716,11.355988282899
Ranaghat Uttar Paschim,OTHER,11.1516127275049,10.8979852293961,11.4155168972635
Ranaghat Uttar Purba,OTHER,10.3597269847223,10.0960839974954,10.6286288894145
Ranibandh,OTHER,13.5898486662426,13.3528902399217,13.8544403329038
Raniganj,OTHER,13.5795800277985,13.3350289403989,13.819372619225
Raninagar,OTHER,22.4098656138925,21.6305033567587,23.1219365141084
Rashbehari,OTHER,11.4357313206404,11.1591629752739,11.7278894140633
Ratua,OTHER,13.977594719414,13.6290822478555,14.3060571844794
Rejinagar,OTHER,15.9593187452343,15.5846183487346,16.3123985517507
Sabang,OTHER,11.2444877021044,11.0317026689245,11.5045793883352
Sagar,OTHER,9.33325623006055,9.10468163986246,9.59468716122625
Sagardighi,OTHER,17.7867408059144,17.3810834719572,18.2051687204798
Sainthia,OTHER,10.3848641570286,10.1583008703617,10.6371657097762
Salboni,OTHER,12.3173121368795,12.0977875338122,12.5709529628338
Saltora,OTHER,11.9814861819036,11.7544874299907,12.2250885142449
Samserganj,OTHER,26.9975406339125,26.1112092860717,27.9004020776556
Sandeshkhali,OTHER,11.2788020074275,11.0635491304112,11.5187388271599
Sankrail,OTHER,14.5106877051136,14.2473622148355,14.7929047855787
Santipur,OTHER,10.696874377826,10.4532977393179,10.9578395170266
Saptagram,OTHER,10.5225289271065,10.3069179056456,10.7667500433574
Satgachhia,OTHER,11.1396955462971,10.9315955595514,11.3864610193256
Shibpur,OTHER,13.8380665166615,13.5940001540395,14.1115035123751
Shyampukur,OTHER,12.0730251327113,11.7546375647564,12.3936206625911
Shyampur,OTHER,11.7196551241482,11.5010091726827,11.957393985995
Siliguri,OTHER,14.842444801721,14.5121538388909,15.1477774011898
Singur,OTHER,13.7950180717147,13.5648567950638,14.0494782347494
Sitai,OTHER,9.84963356059298,9.60904504210124,10.115261970931
Sitalkuchi,OTHER,10.207396754974,9.93282358384537,10.4720381821533
Sonamukhi,OTHER,11.7612000406557,11.5154831680775,12.004927897705
Sonarpur Dakshin,OTHER,14.4679960108557,14.2246992779972,14.7493038851868
Sonarpur Uttar,OTHER,13.6512824467246,13.4039526533495,13.9125065924891
Sreerampur,OTHER,12.6021270312546,12.3760607121229,12.8377000610804
Sujapur,OTHER,19.2412950211535,18.371009213626,20.0586929430675
Suri,OTHER,10.1732439806925,9.93419278109848,10.4266682315426
Suti,OTHER,13.7116178211262,13.3795805235433,14.0170244045393
Swarupnagar,OTHER,16.4296786958876,16.1142876128053,16.7589373197685
Taldangra,OTHER,13.4710324996416,13.2424810842696,13.724180760173
Tamluk,OTHER,11.0736009697469,10.8436095626473,11.3366598304583
Tapan,OTHER,11.4402218492613,11.21168114863,11.6727223549911
Tarakeswar,OTHER,11.2791447014544,11.0629254766165,11.5151915181054
Tehatta,OTHER,12.7548382049383,12.5310450987389,13.0068077796005
Tollyganj,OTHER,16.7995421904454,16.4462463603017,17.1546992591803
Tufanganj,OTHER,10.1731069259996,9.9049403197537,10.4420848767998
Udaynarayanpur,OTHER,9.31265961750428,9.0869385011336,9.56118142791692
Uluberia Dakshin,OTHER,12.6173406317774,12.392788602221,12.8542386441586
Uluberia Purba,OTHER,14.8817523512813,14.6315825110354,15.1582793811842
Uluberia Uttar,OTHER,12.3066355556285,12.0827330486569,12.5410247302232
Uttarpara,OTHER,17.1376408772036,16.7855044232503,17.4943902973058
