constituency_name,median_AITC,median_NDA,median_OTHER,ci_low_AITC,ci_low_NDA,ci_low_OTHER,ci_high_AITC,ci_high_NDA,ci_high_OTHER,winner,AITC_2021,NDA_2021,OTHER_2021,aitc_swing,nda_swing,other_swing,margin,surveyed
Alipurduars,39.9263776841635,45.4236295753471,14.6499927404894,31.9760448012084,36.4512948954252,11.650583119423,32.9632390006826,37.3132439030363,12.1661817960355,NDA,0.41,0.482,0.108,-1.07362231583655,-2.77637042465287,3.84999274048941,-5.49725189118369,TRUE
Amdanga,40.3695178064917,36.5226383041617,23.1078438893466,32.174585929506,29.027379649754,18.2413705523391,33.1106454412796,30.0041894566897,19.1136076568471,AITC,0.42,0.3,0.28,-1.63048219350829,6.52263830416172,-4.89215611065343,3.84687950233,TRUE
Amta,43.5629306534117,40.2078363492405,16.2292329973478,34.7566340763943,32.0905056680477,12.8727773159967,35.5847461381375,32.7904936399661,13.3452753410088,AITC,0.491,0.365,0.144,-5.53706934658835,3.70783634924052,1.82923299734783,3.35509430417113,TRUE
Arambag,41.0886454196811,44.9002972274812,14.0110573528377,32.9079990455971,36.042419066683,11.1403833129662,33.7917779084776,36.8106054508077,11.623886890468,NDA,0.436,0.469,0.095,-2.51135458031892,-1.99970277251877,4.51105735283769,-3.81165180780015,TRUE
Asansol Dakshin,40.7357585942097,44.1023694137981,15.1618719919922,32.1946477477167,34.9262516538325,11.9267226467597,33.1169634809911,35.7141355065177,12.3939434272566,NDA,0.428,0.451,0.121,-2.06424140579035,-0.9976305862019,3.06187199199225,-3.36661081958845,TRUE
Asansol Uttar,45.0186242596272,42.6980671780432,12.2833085623296,35.5735442312499,33.7683527166545,9.61439344066376,36.5197479948699,34.5949613465806,10.0754108018695,AITC,0.523,0.414,0.063,-7.28137574037277,1.2980671780432,5.98330856232956,2.32055708158403,TRUE
Ashoknagar,40.9076379821707,37.7883646897894,21.30399732804,32.7143679775361,30.1764298983282,16.914984778682,33.5993553689365,31.0575408094299,17.6299105851286,AITC,0.432,0.323,0.245,-2.29236201782935,5.48836468978938,-3.19600267196003,3.11927329238127,TRUE
Ausgram,42.2546698541439,42.2121425273961,15.53318761846,33.84324669797,33.848359485707,12.3696274441628,34.6656582252847,34.5514299982184,12.8325499429464,AITC,0.462,0.408,0.13,-3.94533014585606,1.41214252739606,2.53318761846,0.0425273267478872,TRUE
Baduria,44.6570871173028,33.8508124190516,21.4921004636456,35.6864949033622,26.8842490873751,16.9930115142581,36.5883093251566,27.8522643316511,17.7635400860239,AITC,0.515,0.25,0.235,-6.8429128826972,8.85081241905161,-2.00789953635441,10.8062746982512,TRUE
Bagda,41.6689887293684,45.9406257797257,12.390385490906,33.3703584070339,36.8211890236675,9.80038402487464,34.2269841848263,37.6365296051561,10.3186607683798,NDA,0.449,0.494,0.057,-3.23101127063164,-3.45937422027433,6.69038549090596,-4.27163705035731,TRUE
Baghmundi,38.0864455701917,36.5109245878872,25.4026298419211,30.1256287415412,28.8302988710345,19.9882610745494,31.3482109695585,30.0224862140113,21.0025261088408,AITC,0.368,0.3,0.332,1.28644557019172,6.51092458788718,-7.7973701580789,1.57552098230453,TRUE
Bagnan,45.3374340768322,41.1430680094558,13.519497913712,35.9526111938601,32.6611588885875,10.6556594005861,36.9186899744043,33.4533898261385,11.0994915497206,AITC,0.53,0.38,0.09,-7.66256592316783,3.1430680094558,4.51949791371203,4.19436606737636,TRUE
Baharampur,35.8562843801506,43.9990335564397,20.1446820634098,28.0879365418383,34.6860319329287,15.8259694299307,29.6387899268598,35.8491233944168,16.541283222292,NDA,0.316,0.452,0.232,4.25628438015058,-1.20096644356032,-3.05531793659025,-8.14274917628911,TRUE
Baisnabnagar,39.4005062273934,40.9841286489276,19.615365123679,31.3007437225176,32.6277881406098,15.529864126014,32.3536982121159,33.495704095141,16.158940238845,NDA,0.398,0.386,0.216,-0.399493772606583,2.38412864892762,-1.98463487632105,-1.58362242153421,TRUE
Balagarh,41.9815322499684,43.2211765122057,14.7972912378259,33.6506802466536,34.7071690895233,11.7881364950484,34.4967616545469,35.4182427758152,12.2509996898891,NDA,0.456,0.43,0.114,-3.61846775003159,0.22117651220568,3.3972912378259,-1.23964426223727,TRUE
Balarampur (Purulia),41.7164304214544,44.1867483756785,14.0968212028671,33.0723375363862,35.0776378283806,11.1001029589111,33.9379592408447,35.824407233607,11.5517922022445,NDA,0.45,0.452,0.098,-3.28356957854564,-1.01325162432147,4.29682120286709,-2.47031795422417,TRUE
Bally,40.5693695644677,40.4326222709168,18.9980081646154,30.6904506064635,30.6238400454968,14.3516440077035,31.9304367251121,31.755917602798,15.0077728841135,AITC,0.424,0.374,0.202,-1.83063043553226,3.03262227091682,-1.20199183538456,0.136747293550926,TRUE
Ballygunge,53.4288890717489,32.9026745768166,13.6684363514345,40.6575620597915,25.0130379260219,10.3216758671902,42.9805868731988,26.6104084343016,11.0837922573369,AITC,0.706,0.207,0.087,-17.1711109282511,12.2026745768166,4.96843635143453,20.5262144949324,TRUE
Balurghat,38.8791550435618,45.0435760314858,16.0772689249525,29.8679036295799,34.7350217511186,12.31810489122,31.0761403754536,35.7908374909099,12.8491539564843,NDA,0.386,0.474,0.14,0.279155043561751,-2.35642396851425,2.07726892495249,-6.164420987924,TRUE
Bandwan,42.6022191832112,41.4858146619048,15.911966154884,34.5018546070042,33.6377711619423,12.8157147533439,35.4175917128441,34.3900528926035,13.2987105217287,AITC,0.47,0.392,0.138,-4.39778081678879,2.28581466190482,2.11196615488397,1.11640452130639,TRUE
Bangaon Dakshin,42.2100390958394,45.0087666380166,12.781194266144,33.6658136230513,35.8896218318465,10.0700358076617,34.477777885449,36.6669493130633,10.5579535173567,NDA,0.461,0.471,0.068,-3.88996090416061,-2.09123336198342,5.98119426614402,-2.79872754217719,TRUE
Bangaon Uttar,40.5994067545827,45.1773628508195,14.2232303945978,32.2496703870756,35.9673827066489,11.2136758931502,33.178006660974,36.7784800633885,11.701611013402,NDA,0.425,0.476,0.099,-1.90059324541728,-2.4226371491805,4.32323039459776,-4.57795609623678,TRUE
Bankura,40.8641352318361,43.5241818058243,15.6116829623396,32.6949808747497,34.9087900825812,12.4242667554188,33.5847513021766,35.6489006307653,12.9134931709602,NDA,0.431,0.438,0.131,-2.23586476816386,-0.275818194175706,2.51168296233958,-2.66004657398815,TRUE
Barabani,45.0224855192364,41.2966939640407,13.6808205167228,35.066166488696,32.215887401373,10.5989741767207,36.1126071594849,33.0662450553631,11.0528396519363,AITC,0.523,0.384,0.093,-7.27751448076357,2.89669396404072,4.38082051672284,3.72579155519571,TRUE
Baranagar,45.5232733244345,37.759526417929,16.7172002576365,35.254059152589,29.2591965453765,12.8955971627204,36.367748218343,30.1479712288661,13.4436518971708,AITC,0.534,0.315,0.151,-7.87672667556549,6.25952641792901,1.61720025763648,7.7637469065055,TRUE
Barasat,42.3012487239463,39.6824257764388,18.016325499615,34.0067358446424,31.9089451638136,14.4181819431823,34.8561937377561,32.6832748739568,14.9454459000489,AITC,0.463,0.357,0.18,-3.99875127605375,3.98242577643876,0.0163254996149824,2.61882294750749,TRUE
Barjora,40.5977756940674,42.2060537747892,17.1961705311434,32.4915552117626,33.8500177086554,13.7009392931053,33.4026800325438,34.6194566203327,14.2106721985609,NDA,0.425,0.41,0.165,-1.90222430593259,1.20605377478924,0.696170531143356,-1.60827808072183,TRUE
Barrackpur,42.3797952654095,41.9426288106004,15.6775759239902,32.6567810725244,32.3033132557693,11.9962060117125,33.6430549461672,33.2156336982908,12.4880913565316,AITC,0.465,0.402,0.133,-4.12020473459054,1.74262881060037,2.37757592399018,0.437166454809088,TRUE
Baruipur Paschim,47.3047866333252,36.0077850429439,16.6874283237309,37.6197112362683,28.6621667608236,13.1798081874337,38.8121212434904,29.5662769147607,13.7751132415144,AITC,0.573,0.28,0.147,-9.99521336667483,8.00778504294391,1.98742832373092,11.2970015903813,TRUE
Baruipur Purba,46.117117385566,38.5120433799677,15.3708392344663,36.9628740395587,30.9187859679121,12.2567716126898,38.0464774800925,31.7568677723929,12.7681952385195,AITC,0.547,0.327,0.126,-8.58288261443398,5.81204337996773,2.77083923446627,7.60507400559829,TRUE
Basanti,44.9250683878432,35.9159562468119,19.1589753653448,35.9040128766319,28.6576959557833,15.2038695878695,36.8371864350892,29.4780791738227,15.8085765915686,AITC,0.521,0.284,0.195,-7.17493161215678,7.51595624681195,-0.341024634655163,9.00911214103127,TRUE
Basirhat Dakshin,43.6061209426952,41.3652685326888,15.028610524616,35.2238621536065,33.4430584835894,12.0740738108742,36.1327028343033,34.1918855381784,12.5332402743255,AITC,0.492,0.388,0.12,-5.5938790573048,2.56526853268878,3.02861052461602,2.24085241000643,TRUE
Basirhat Uttar,47.4473542347768,30.8288003686224,21.7238453966007,38.1923755920567,24.6649405727299,17.2903165501118,39.4453347780519,25.8423385692315,18.2256881148528,AITC,0.576,0.199,0.225,-10.1526457652232,10.9288003686224,-0.77615460339926,16.6185538661544,TRUE
Behala Paschim,43.9672893580918,35.4673152999677,20.5653953419405,35.4114949952715,28.4532940622637,16.4092679817352,36.3097523678815,29.3462444208361,17.1178111363776,AITC,0.5,0.278,0.222,-6.03271064190818,7.66731529996768,-1.63460465805951,8.49997405812413,TRUE
Behala Purba,43.9788583983765,38.4529563418275,17.5681852597961,35.2953570061765,30.8807791070603,14.0151900431038,36.1699939126241,31.6155035654621,14.5506453792331,AITC,0.5,0.331,0.169,-6.02114160162352,5.35295634182747,0.668185259796058,5.52590205654901,TRUE
Beldanga,46.3440063796847,36.3864558814788,17.2695377388364,36.7910529522979,28.9058924513717,13.618276736364,37.8586303802499,29.7368251646797,14.2036605955357,AITC,0.552,0.289,0.159,-8.85599362031527,7.48645588147883,1.36953773883644,9.9575504982059,TRUE
Beleghata,50.9064543541126,33.4257735170493,15.6677721288382,39.059194722691,25.6710382946089,11.9567809681116,40.9339615477915,26.9969536295965,12.6682689055363,AITC,0.651,0.227,0.122,-14.1935456458874,10.7257735170493,3.46777212883817,17.4806808370633,TRUE
Bhabanipur,47.5037308351111,40.0179548807118,12.4783142841772,35.9215670392434,30.2897834224266,9.38227087899501,37.4360130382785,31.5490165913347,9.91739397588093,AITC,0.577,0.352,0.071,-10.196269164889,4.81795488071178,5.37831428417715,7.48577595439927,TRUE
Bhagabangola,52.2719399161597,21.6715277371507,26.0565323466896,41.5052307285945,16.8390946305299,20.3390833636739,43.5604685102353,18.4082491033272,21.9985911737621,AITC,0.681,0.074,0.245,-15.8280600838403,14.2715277371507,1.55653234668959,30.600412179009,TRUE
Bhagabanpur,40.4610073741519,47.9287206608812,11.610271964967,32.4220053418953,38.4717400185423,9.1430230110878,33.3585433326143,39.3744510197185,9.70972413864279,NDA,0.422,0.546,0.032,-1.73899262584813,-6.67127933911883,8.41027196496697,-7.4677132867293,TRUE
Bhangar,37.0037712435215,29.0232916936934,33.9729370627851,29.7118256581881,22.8720515993152,26.9688226562672,31.1169228968761,24.6854843973414,28.8177682582654,AITC,0.343,0.16,0.497,2.70377124352148,13.0232916936934,-15.7270629372149,7.98047954982806,TRUE
Bharatpur,44.3830912916456,35.6797104750609,19.9371982332934,35.0124758229284,28.0972691287136,15.6112339991003,35.9156056060102,28.9288773904891,16.2562885522207,AITC,0.509,0.281,0.21,-6.51690870835435,7.57971047506093,-1.06280176670658,8.70338081658472,TRUE
Bhatar,44.1577326268199,39.8012865046542,16.040980868526,35.3122928748472,31.8580772613108,12.7536703483894,36.1799584277478,32.575543867208,13.2276367473101,AITC,0.504,0.356,0.14,-6.24226737318013,4.20128650465417,2.04098086852595,4.35644612216569,TRUE
Bhatpara,39.7559324615422,47.4992313163739,12.7448362220839,29.6477777208468,35.4625553261554,9.42864160547366,31.0883673094447,36.9721325820063,10.0290114197155,NDA,0.406,0.534,0.06,-0.844067538457814,-5.90076868362609,6.7448362220839,-7.74329885483173,TRUE
Bidhannagar,42.5177017986987,42.7448515954715,14.7374466058298,33.0542144116956,33.2218873682774,11.3666119857155,33.9748620789136,34.0623265890549,11.8253794722594,NDA,0.468,0.419,0.113,-4.28229820130126,0.844851595471489,3.43744660582978,-0.22714979677275,TRUE
Bijpur,43.0174411931416,41.0623801494788,15.9201786573796,32.9212494696241,31.4189206545657,12.1213214326122,34.0159727601794,32.3923356633892,12.6388181260463,AITC,0.479,0.383,0.138,-4.8825588068584,2.76238014947878,2.12017865737963,1.95506104366282,TRUE
Binpur,45.3897305120888,38.1304221781591,16.4798473097522,35.7756585213603,30.0603118519297,12.9175487996821,36.7600847674694,30.8407146429825,13.4374014531846,AITC,0.531,0.322,0.147,-7.71026948791124,5.93042217815906,1.77984730975219,7.2593083339297,TRUE
Bishnupur (Bankura),39.890807019175,44.8188780961671,15.2903148846579,31.4287611586963,35.4014655149102,11.9929899862053,32.4355125410946,36.2597912775069,12.4770349894261,NDA,0.409,0.468,0.123,-1.009192980825,-1.98112190383294,2.99031488465794,-4.92807107699206,TRUE
Bishnupur (South 24 Parganas),47.4126397338546,38.6968843572879,13.8904759088575,38.1428490853397,31.1991000510658,11.1204710807742,39.3870260319854,32.1972005987382,11.6502657154711,AITC,0.575,0.327,0.098,-10.0873602661454,5.9968843572879,4.09047590885747,8.71575537656673,TRUE
Bolpur,44.2491118370426,42.4096564101692,13.3412317527882,35.6401800946428,34.1861342001975,10.6710628598919,36.5567551810768,34.9627205205245,11.1312027398134,AITC,0.506,0.409,0.085,-6.3508881629574,1.50965641016919,4.8412317527882,1.83945542687341,TRUE
Budge Budge,46.8945373371994,40.2462739585062,12.8591887042944,37.4115328011079,32.1448837939695,10.2020040679633,38.5607631445072,33.0991589542835,10.6668387670178,AITC,0.564,0.358,0.078,-9.50546266280064,4.44627395850624,5.05918870429442,6.64826337869312,TRUE
Burdwan Dakshin,41.3979938772361,41.9708733857482,16.6311327370157,32.9348839291843,33.4423797267947,13.1688011300015,33.8097141493673,34.1509234545948,13.6583874114168,NDA,0.443,0.404,0.153,-2.90200612276388,1.57087338574821,1.33113273701567,-0.572879508512095,TRUE
Burdwan Uttar,42.1590385975999,41.2516209604163,16.5893404419838,34.1328853210535,33.4457365447508,13.3722933634121,35.0667008457148,34.2106707864914,13.8739128555313,AITC,0.46,0.388,0.152,-3.84096140240013,2.4516209604163,1.38934044198383,0.907417637183578,TRUE
Burwan,42.2972287368664,44.0360012297262,13.6667700334074,33.1653746584707,34.5603528829047,10.6285142563963,34.0418966118818,35.326906904383,11.0832639064482,NDA,0.463,0.448,0.089,-4.00277126313362,-0.763998770273787,4.7667700334074,-1.73877249285983,TRUE
Canning Paschim,44.3877108427257,39.3500465500262,16.2622426072481,35.5633086989561,31.5613400603184,12.9456253350486,36.4473459818164,32.2980398459478,13.4351640224997,AITC,0.509,0.347,0.144,-6.51228915727432,4.6500465500262,1.86224260724811,5.03766429269947,TRUE
Canning Purba,45.0946109822779,27.4033169599898,27.5020720577323,36.3502270081968,21.6416272510279,21.7518314365019,37.3295665617363,23.0809603500671,23.1187038381474,AITC,0.525,0.148,0.327,-7.40538901772213,12.6033169599898,-5.19792794226769,17.691294022288,TRUE
Chakdaha,40.0634534515018,44.8662089868136,15.0703375616847,31.9167808081138,35.8489168639309,11.9324342234107,32.8803082672039,36.6661732093318,12.4323206276896,NDA,0.413,0.469,0.118,-1.23654654849825,-2.03379101318644,3.2703375616847,-4.8027555353118,TRUE
Chakulia,43.8801138525585,36.9009599179055,19.218926229536,34.3211067861996,28.8359047039222,14.9247405545595,35.2423516639091,29.6474962600269,15.558129003867,AITC,0.498,0.303,0.199,-5.91988614744147,6.60095991790551,-0.681073770464035,6.97915393465302,TRUE
Champdani,44.0677056635747,39.5846450122768,16.3476493241486,35.0114831224105,31.4537216070636,12.9183531397953,35.8634108757696,32.1679878296467,13.3912763124954,AITC,0.502,0.352,0.146,-6.13229433642533,4.38464501227677,1.74764932414856,4.4830606512979,TRUE
Chanchal,47.6694769834831,33.8390954451767,18.4914275713402,37.6797264432078,26.7209992792511,14.4921614111608,38.925003380056,27.6804205430859,15.1895071809538,AITC,0.581,0.244,0.175,-10.4305230165169,9.43909544517668,0.991427571340232,13.8303815383064,TRUE
Chandannagar,42.8842499381692,36.9780577953638,20.137692266467,33.7377694810584,29.031700223658,15.7065138518476,34.5914531805682,29.8440538847661,16.3643506896929,AITC,0.476,0.306,0.218,-4.71575006183083,6.37805779536382,-1.66230773353297,5.90619214280535,TRUE
Chandipur,43.8865143263863,43.6338623733525,12.4796233002612,35.2037881324191,35.0013311811703,9.89885381305333,36.0644440611934,35.806890456289,10.3821137135589,AITC,0.498,0.437,0.065,-5.91348567361368,-0.0661376266475173,5.97962330026119,0.252651953033833,TRUE
Chanditala,43.8837707512917,36.6136238609219,19.5026053877864,34.9710300507147,29.1391843221109,15.4331966382482,35.8223714512609,29.9326049768621,16.0350384631112,AITC,0.498,0.298,0.204,-5.91622924870831,6.81362386092192,-0.897394612213603,7.27014689036978,TRUE
Chandrakona,43.4652140294069,43.8891431014249,12.6456428691683,35.3179160377908,35.6667080236895,10.1681507745698,36.285418960654,36.5288004773757,10.6645392806878,NDA,0.489,0.443,0.068,-5.43478597059313,-0.410856898575148,5.84564286916829,-0.423929072017977,TRUE
Chapra,37.1754693040565,35.0947990715793,27.7297316243642,29.4518419354671,27.7017476555317,21.8166418493675,30.8076449680061,29.0462854076312,23.0693682415013,AITC,0.347,0.273,0.38,2.47546930405647,7.79479907157932,-10.2702683756358,2.08067023247715,TRUE
Chhatna,40.472450846063,44.3973675762836,15.1301815776534,32.0033009348234,35.1904289532084,11.9081953853225,32.9451425053304,36.0028426954155,12.3879539726891,NDA,0.422,0.458,0.12,-1.72754915393698,-1.40263242371637,3.13018157765335,-3.9249167302206,TRUE
Chopra,49.106841125473,37.1994426143383,13.6937162601886,38.7936789117455,29.4073862700574,10.7595467778042,40.2641113909361,30.5272322932374,11.3094183189443,AITC,0.612,0.294,0.094,-12.093158874527,7.79944261433834,4.29371626018863,11.9073985111347,TRUE
Chowranghee,49.8995575521415,32.8089136827379,17.2915287651207,37.1745677036703,24.4447623077386,12.8081608633976,39.1401434906489,25.8756377794325,13.6525053203243,AITC,0.629,0.222,0.149,-13.0004424478585,10.6089136827379,2.3915287651207,17.0906438694036,TRUE
Chunchura,42.1580808673961,41.2058753550898,16.6360437775141,34.3094101071237,33.5779599340582,13.4816544268574,35.3154325006363,34.3882894166283,14.0019435001878,AITC,0.46,0.387,0.153,-3.84191913260393,2.50587535508984,1.3360437775141,0.952205512306222,TRUE
Cooch Behar Dakshin,41.3990657320674,44.865505058106,13.7354292098266,32.7699094638226,35.5504727181122,10.7802472381223,33.6555000269946,36.3373959061204,11.2554060766468,NDA,0.443,0.468,0.089,-2.90093426793261,-1.934494941894,4.8354292098266,-3.4664393260386,TRUE
Cooch Behar Uttar,40.9899632770611,45.9401703923268,13.0698663306121,33.2001927195044,37.2441830527915,10.4735431478345,34.1491255879063,38.1163002602317,10.9941019697187,NDA,0.434,0.494,0.072,-2.41003672293886,-3.4598296076732,5.86986633061207,-4.95020711526566,TRUE
Dabgram-Phulbari,39.1344277558049,46.075839412843,14.7897328313521,31.8072737916263,37.5218010448799,11.9450391432124,32.9850541368832,38.5558656430135,12.5222560771888,NDA,0.392,0.498,0.11,-0.0655722441951383,-3.72416058715697,3.78973283135208,-6.94141165703817,TRUE
Dantan,43.1179524157677,45.3114843924368,11.5705631917956,34.2201649288813,35.9507839641743,9.03696248008684,35.0384481447093,36.7443615018763,9.5398793738715,NDA,0.481,0.478,0.041,-4.98204758423232,-2.48851560756324,7.47056319179557,-2.19353197666908,TRUE
Darjeeling,23.7899753209978,42.2151546133917,33.9948700656105,17.4832436580756,32.2221989345041,25.9008576478668,20.6365466233967,34.3925157858229,27.8734474348256,NDA,0,0.409,0.591,23.7899753209978,1.31515461339166,-25.1051299343895,-18.4251792923938,TRUE
Daspur,44.7027276327223,41.792666131122,13.5046062361558,35.8795447988643,33.5648894491435,10.7621195206169,36.7967497386565,34.3492344349402,11.2145857499116,AITC,0.516,0.395,0.089,-6.89727236727774,2.29266613112197,4.60460623615577,2.91006150160029,TRUE
Debra,42.5287101463486,42.4629822348992,15.0083076187522,33.8654539233451,33.8332894520703,11.8777909378076,34.6785698648366,34.5374052949801,12.3248764358665,AITC,0.468,0.413,0.119,-4.27128985365138,1.1629822348992,3.10830761875218,0.0657279114494287,TRUE
Deganga,42.4851097517961,29.4773446518853,28.0375455963187,33.9824062934468,23.1507322792119,22.0280028758287,34.8040861654449,24.5496974846389,23.357056530545,AITC,0.467,0.179,0.354,-4.21489024820392,11.5773446518853,-7.36245440368134,13.0077650999108,TRUE
Dhanekhali,45.5210036893852,42.3356332171711,12.1433630934437,36.6728614265844,34.1250256150193,9.69477460312988,37.6975432226299,35.0470831074094,10.1662911210402,AITC,0.534,0.405,0.061,-7.87899631061477,1.83563321717108,6.04336309344368,3.18537047221415,TRUE
Dhupguri,41.1713899222757,44.3905025900275,14.4381074876968,33.133317405775,35.7975307340079,11.5341477898969,34.0249593830606,36.5518741702636,12.0240360838296,NDA,0.438,0.457,0.105,-2.62861007772433,-1.30949740997247,3.9381074876968,-3.21911266775187,TRUE
Diamond Harbour,41.1279219436064,39.8624254203602,19.0096526360334,33.0316414706607,32.0087718554947,15.1915990486043,33.9197648266887,32.8451847915385,15.7742424944812,AITC,0.437,0.362,0.201,-2.57207805639365,3.66242542036023,-1.0903473639666,1.26549652324612,TRUE
Dinhata,42.8753205230053,45.2440797568913,11.8805997201034,34.7493960366626,36.6643518039201,9.49608832066687,35.6862500772611,37.5482150401959,10.008037456441,NDA,0.476,0.476,0.048,-4.72467947699472,-2.35592024310868,7.08059972010341,-2.36875923388605,TRUE
Domjur,44.8876620809109,39.5657794137327,15.5465585053564,36.458829109057,32.1843002961696,12.5678496169102,37.5021293859823,32.9856272327876,13.0568259983282,AITC,0.52,0.35,0.13,-7.1123379190891,4.56577941373266,2.54655850535644,5.32188266717824,TRUE
Domkal,46.8883712212678,21.0444191097031,32.0672096690292,37.5708429962193,16.220609003073,25.1896206663345,38.720596371924,18.0223771036406,26.9439013452305,AITC,0.564,0.055,0.381,-9.51162877873224,15.5444191097031,-6.03279033097086,25.8439521115647,TRUE
Dubrajpur,42.212878567879,45.3359502664608,12.4511711656603,33.6081138981099,36.0951611617854,9.78425236329246,34.4291500454703,36.8781725751767,10.2767575399318,NDA,0.461,0.479,0.06,-3.88712143212105,-2.56404973353923,6.45117116566027,-3.12307169858182,TRUE
Dum Dum,42.8404190044542,38.3515009978086,18.8080799977373,33.7585423715986,30.2031713819643,14.7282112140069,34.6116424204998,30.9397390761906,15.2893335521013,AITC,0.475,0.331,0.194,-4.65958099554582,5.25150099780857,-0.591920002262732,4.48891800664561,TRUE
Dum Dum Uttar,41.619467433185,37.3374319540594,21.0431006127556,33.2600931147769,29.7779424684218,16.6806142666098,34.1038029830767,30.6239886368209,17.3807478869825,AITC,0.448,0.314,0.238,-3.18053256681503,5.93743195405941,-2.75689938724437,4.28203547912556,TRUE
Durgapur Paschim,39.0152341806639,44.5698494007582,16.4149164185779,30.7690797802584,35.2920474185251,12.9183229947043,31.8619313828668,36.1819798633525,13.4317812924865,NDA,0.389,0.463,0.148,0.115234180663883,-1.73015059924181,1.61491641857793,-5.55461522009431,TRUE
Durgapur Purba,40.0198306616257,41.3117707433436,18.6683985950308,31.561903051833,32.6559838357729,14.6866425477623,32.5530219019063,33.4593207516416,15.2352264064377,NDA,0.412,0.392,0.196,-1.18016933837433,2.11177074334356,-0.931601404969236,-1.29194008171789,TRUE
Egra,44.9746942886616,44.029763271094,10.9955424402444,36.3699631701698,35.6057551558126,8.76710982031047,37.3717150273316,36.5389551492818,9.27805820826098,AITC,0.522,0.445,0.033,-7.22530571133842,-0.470236728905995,7.6955424402444,0.944931017567576,TRUE
English Bazar,39.7513329488353,46.1622405708759,14.0864264802888,31.7165240683852,36.92529106601,11.1513031840521,32.7129997912621,37.7996301771709,11.6656953140652,NDA,0.406,0.5,0.094,-0.848667051164661,-3.83775942912414,4.68642648028882,-6.41090762204052,TRUE
Entally,50.7704244460041,36.6012932983997,12.6282822555962,38.9285947032138,28.1165401451333,9.62682409822652,40.7824865836546,29.4969528242782,10.217809703619,AITC,0.648,0.277,0.075,-14.0295755539959,8.9012932983997,5.12828225559624,14.1691311476044,TRUE
Falakata,41.6665813955928,44.8329096748919,13.5005089295153,33.3953487963178,35.9895097712232,10.7276116185573,34.2550844495538,36.7545121419212,11.2143908078894,NDA,0.449,0.467,0.084,-3.23341860440721,-1.86709032510808,5.1005089295153,-3.16632827929914,TRUE
Falta,46.8931680438073,40.6941514217174,12.4126805344753,37.25523356298,32.3537608646841,9.7981867365813,38.392779894409,33.317869741266,10.2661731976061,AITC,0.564,0.367,0.069,-9.50683195619272,3.99415142171739,5.51268053447534,6.19901662208988,TRUE
Farakka,46.2022760739652,32.5583677308426,21.2393561951922,36.3272782635985,25.4882045322925,16.5570332241699,37.4225794322694,26.4864252239161,17.3419987380653,AITC,0.549,0.227,0.224,-8.69772392603479,9.85836773084258,-1.1606438048078,13.6439083431226,TRUE
Gaighata,40.7368131217636,45.0529219892353,14.2102648890011,32.513332357901,36.0223718781315,11.2563876160912,33.4057716145257,36.8239596691871,11.7418728852233,NDA,0.428,0.473,0.099,-2.06318687823644,-2.24707801076468,4.31026488900113,-4.31610886747175,TRUE
Galsi,43.6107804864376,42.2179863121141,14.1712332014482,35.0188257225771,33.927682756665,11.3082550587913,35.8711754828194,34.670983564829,11.7576490289818,AITC,0.492,0.406,0.102,-5.58921951356237,1.61798631211412,3.97123320144824,1.39279417432351,TRUE
Gangarampur,41.4446254648858,44.865516833322,13.6898577017922,32.6971834844392,35.4335193646856,10.7155033009685,33.5670064247631,36.2276461975171,11.1814017210458,NDA,0.444,0.468,0.088,-2.9553745351142,-1.93448316667799,4.88985770179218,-3.42089136843621,TRUE
Garbeta,42.027142552434,42.1038460659288,15.8690113816373,33.5134820368947,33.5982795307644,12.5879762525263,34.3345406802165,34.2979622253556,13.0456676049569,NDA,0.457,0.406,0.137,-3.67285744756602,1.50384606592875,2.16901138163727,-0.0767035134947705,TRUE
Gazole,41.578880927001,44.3162136889305,14.1049053840685,33.3305817154586,35.5999099346526,11.225995992269,34.1969817443132,36.3473506034277,11.7013099021923,NDA,0.447,0.455,0.098,-3.12111907299898,-1.18378631106953,4.30490538406851,-2.73733276192944,TRUE
Ghatal,42.3943608305392,44.9331765171832,12.6724626522776,34.0779015187907,36.1434806691832,10.0706771185874,34.9253986656009,36.9394805339579,10.5687346838051,NDA,0.465,0.469,0.066,-4.10563916946079,-1.96682348281676,6.07246265227756,-2.53881568664403,TRUE
Goalpokhar,51.0422230848405,31.4867480612521,17.4710288539075,39.233328947164,24.1691816018471,13.3356251526485,41.1110031744703,25.4441549689779,14.1940001432167,AITC,0.654,0.199,0.147,-14.3577769151595,11.5867480612521,2.77102885390745,19.5554750235884,TRUE
Goghat,41.5773596121385,44.7884668896429,13.6341734982186,33.3062619620637,35.9389007146248,10.8315631749663,34.1693868459994,36.6998536713087,11.3156371607467,NDA,0.447,0.466,0.087,-3.12264038786149,-1.81153311035713,4.93417349821862,-3.21110727750435,TRUE
Gopiballavpur,45.0180835668074,42.2441327365358,12.7377836966569,35.6983286561506,33.5218505739575,10.0162063961581,36.6361850423019,34.3265952540801,10.4639139191782,AITC,0.523,0.404,0.073,-7.28191643319266,1.84413273653576,5.4377836966569,2.77395083027159,TRUE
Gosaba,45.7933975398223,42.9791567573285,11.2274457028492,36.2153474544868,34.0009939038297,8.77824494771582,37.2329438516,34.9094457146256,9.25373134711426,AITC,0.54,0.419,0.041,-8.2066024601777,1.07915675732851,7.12744570284921,2.8142407824938,TRUE
Habibpur,38.4921300378621,45.0777734102958,16.430096551842,30.3366216966078,35.7009177708101,12.927867032447,31.5032354042889,36.624717427179,13.4567143241833,NDA,0.377,0.475,0.148,0.792130037862144,-2.42222658970419,1.63009655184205,-6.58564337243367,TRUE
Habra,41.4001825416003,42.9582433545313,15.6415741038684,32.9141721057286,34.209643318156,12.3731483883181,33.7929539581259,34.923697539815,12.8449471037475,NDA,0.443,0.425,0.132,-2.89981745839972,0.458243354531298,2.44157410386842,-1.55806081293102,TRUE
Haldia,39.6623486405245,44.9863956400062,15.3512557194693,31.7165243333815,36.0696767210566,12.1981397670085,32.7347826795491,36.9346100641818,12.7197505073082,NDA,0.404,0.472,0.124,-0.737651359475471,-2.2136043599938,2.95125571946925,-5.32404699948168,TRUE
Hansan,44.6069918932954,35.2896433840774,20.1033647226271,35.6136032839715,28.0829240485012,15.9167014817942,36.505073471007,28.9386250147221,16.5695218833695,AITC,0.514,0.274,0.212,-6.79300810670456,7.88964338407741,-1.09663527737286,9.31734850921803,TRUE
Hariharpara,42.8358302065892,23.7609678795341,33.4032019138767,34.3003178930722,18.3554845989653,26.1385826974651,35.1199065099174,20.1528872159639,27.9326839185364,AITC,0.475,0.085,0.44,-4.66416979341085,15.2609678795341,-10.5967980861233,19.074862327055,TRUE
Haringhata,39.0982035094313,44.5718796412911,16.3299168492776,31.0737034333565,35.5541182882722,12.9338639504279,32.1584091695035,36.4276149746773,13.4632653964557,NDA,0.391,0.463,0.146,-0.00179649056870801,-1.72812035870895,1.72991684927764,-5.47367613185975,TRUE
Haripal,43.9317112885636,41.7215215061489,14.3467672052875,35.245894377847,33.506030917302,11.439207219178,36.1116244687151,34.2409924146709,11.892009077185,AITC,0.499,0.395,0.106,-5.96828871143637,2.22152150614886,3.74676720528752,2.21018978241477,TRUE
Harirampur,44.5196349990364,41.58761445707,13.8927505438937,35.0841163153153,32.817642505596,10.8827635070126,36.0100266367931,33.5730525870205,11.3274555054804,AITC,0.512,0.391,0.097,-6.68036500096365,2.48761445706998,4.19275054389365,2.93202054196637,TRUE
Harishchandrapur,48.6770735791641,32.5745962589563,18.7483301618796,38.4785380997449,25.7047552171539,14.6804598544597,39.8882430038123,26.7596429132469,15.4506859804904,AITC,0.603,0.222,0.175,-11.6229264208359,10.3745962589563,1.24833016187962,16.1024773202078,TRUE
Haroa,47.3115793100397,28.7617883750647,23.9266323148957,37.8988401827271,22.784832958686,18.9033026295852,39.1045540849924,24.0663388874227,20.0143206711944,AITC,0.573,0.169,0.258,-9.98842068996034,11.8617883750647,-1.87336768510434,18.549790934975,TRUE
Hemtabad,44.930746093771,42.0475370976126,13.0217168086164,36.0577029097873,33.7701958432176,10.3710013856928,36.9976201917989,34.5826572223825,10.8253085692914,AITC,0.521,0.4,0.079,-7.169253906229,2.04753709761261,5.12171680861638,2.88320899615839,TRUE
Hingalganj,45.7004433901308,42.5747515874708,11.7248050223984,36.1261598205033,33.6723032904885,9.17690138997752,37.1311094977737,34.556112886357,9.64146916310295,AITC,0.538,0.41,0.052,-8.09955660986923,1.57475158747081,6.52480502239842,3.12569180265994,TRUE
Howrah Dakshin,45.7463194634452,37.225716142076,17.0279643944788,36.558239940814,29.7838228146393,13.517944990536,37.588586858737,30.5869367822674,14.073346597438,AITC,0.539,0.305,0.156,-8.15368053655484,6.72571614207605,1.42796439447879,8.52060332136912,TRUE
Howrah Madhya,47.2606594126889,39.015825029045,13.7235155582661,37.2900166888595,30.8141602947565,10.7624958313683,38.4985119634687,31.7358720129305,11.2476258527925,AITC,0.572,0.333,0.095,-9.93934058731111,5.71582502904503,4.22351555826609,8.24483438364387,TRUE
Howrah Uttar,42.9641564122378,43.7672457070732,13.268597880689,33.1269467875955,33.7212895926001,10.1391742082552,34.130942822812,34.6842222675125,10.6275103546518,NDA,0.478,0.441,0.081,-4.83584358776216,-0.332754292926822,5.16859788068898,-0.803089294835338,TRUE
Indas,41.5796862092305,45.372212396197,13.0481013945726,33.2907495458963,36.3740650429699,10.3445608790715,34.1516538861155,37.1668821786442,10.8413125263342,NDA,0.447,0.48,0.073,-3.12031379076955,-2.62778760380302,5.74810139457258,-3.79252618696653,TRUE
Islampur,48.0405661569565,40.9484712730003,11.0109625700431,37.2792955028567,31.8364001740724,8.47164510754283,38.6913008815553,32.9798327827349,8.96733353980525,AITC,0.589,0.369,0.042,-10.8594338430435,4.04847127300035,6.81096257004312,7.09209488395619,TRUE
Itahar,48.1325288698599,40.7181219649861,11.149349165154,37.9025666594568,32.0681430226679,8.69523174855033,39.2249462807597,33.1965961667231,9.18726984639124,AITC,0.591,0.364,0.045,-10.9674711301401,4.31812196498609,6.64934916515399,7.41440690487384,TRUE
Jadavpur,41.9404488057525,33.5607237575625,24.498827436685,33.547600231318,26.6111963461882,19.3570166929221,34.3848138999682,27.71189577072,20.3625356497424,AITC,0.455,0.247,0.298,-3.55955119424754,8.86072375756254,-5.301172563315,8.37972504818993,TRUE
Jagatballavpur,43.703464980743,40.5219743508027,15.7745606684544,35.2939829925925,32.7886440290898,12.6768977636332,36.2085029372971,33.5120673707734,13.1442874633802,AITC,0.494,0.371,0.135,-5.69653501925702,3.42197435080264,2.27456066845437,3.18149062994033,TRUE
Jagatdal,43.0632991539181,40.8729997421027,16.0637011039792,33.8670347209483,32.1451840098072,12.5609923639385,34.720081024637,32.8686743053345,13.0156613904576,AITC,0.48,0.379,0.141,-4.93670084608191,2.9729997421027,1.96370110397922,2.1902994118154,TRUE
Jalangi,46.5711485273883,30.6259178904387,22.8029335821731,37.2640274096489,24.3055922098443,18.0163442511885,38.3795292533832,25.4830183261378,18.9877019655203,AITC,0.557,0.197,0.246,-9.12885147261171,10.9259178904387,-1.79706641782695,15.9452306369496,TRUE
Jalpaiguri,40.5028999778209,42.6334941788466,16.8636058433325,32.5155162367273,34.2920457212946,13.4794224377569,33.4502665228264,35.0722592573383,13.9881430513873,NDA,0.423,0.419,0.158,-1.79710002217909,0.733494178846641,1.06360584333245,-2.13059420102573,TRUE
Jamalpur,42.5734716427896,40.9720742653391,16.4544540918713,33.9336854778917,32.6771609703891,13.0454030425365,34.7451095577225,33.3638218983427,13.5131614222502,AITC,0.469,0.382,0.149,-4.32652835721044,2.77207426533911,1.55445409187135,1.60139737745045,TRUE
Jamuria,40.6497872067537,40.641486676082,18.7087261171643,31.6076374039675,31.672999678637,14.5139457033211,32.6086407088142,32.5054542105032,15.0757392369301,AITC,0.426,0.378,0.196,-1.95021279324634,2.84148667608202,-0.891273882835669,0.00830053067164727,TRUE
Jangipara,43.2499362960894,41.8559176262036,14.894146077707,34.5375740894084,33.4559357702627,11.824904423779,35.3519138261048,34.1613392069335,12.2671667309141,AITC,0.484,0.399,0.117,-5.15006370391055,1.95591762620355,3.19414607770701,1.3940186698859,TRUE
Jangipur,52.6036891205973,33.6463851443465,13.7499257350563,41.1950737096464,26.2999484990566,10.6832051774375,43.2905935327997,27.7982706980351,11.3837892824191,AITC,0.688,0.222,0.09,-16.1963108794027,11.4463851443465,4.74992573505627,18.9573039762508,TRUE
Jaynagar,44.7885589232805,38.3344496183874,16.8769914583321,35.5956521462493,30.4799818494926,13.3374719768868,36.5035424686474,31.2117804367602,13.8385962960669,AITC,0.518,0.327,0.155,-7.01144107671955,5.63444961838741,1.37699145833213,6.45410930489304,TRUE
Jhargram,45.9339593120373,39.8620984135952,14.2039422743675,36.4344915204874,31.6548786345688,11.2036965369755,37.4567583244937,32.4834805443729,11.6629418560329,AITC,0.543,0.353,0.104,-8.36604068796269,4.56209841359523,3.80394227436748,6.07186089844208,TRUE
Jorasanko,45.1824016427181,41.9930783535948,12.824520003687,33.5511868380195,31.1383147947658,9.4532707575695,35.1943363166892,32.6270505295471,10.029962143157,AITC,0.527,0.398,0.075,-7.51759835728188,2.19307835359482,5.32452000368705,3.1893232891233,TRUE
Joypur (Purulia),23.8023168952743,40.4165414515586,35.7811416531671,17.7564231861169,31.3234988882607,27.7461170388439,20.9829486808959,33.5756573375764,29.8820560369551,NDA,0,0.367,0.633,23.8023168952743,3.71654145155857,-27.5188583468329,-16.6142245562843,TRUE
Kakdwip,44.9289647496768,42.329816062408,12.7412191879153,35.9968035802029,33.9337795430327,10.1241121502985,36.9314163621449,34.7461963971279,10.5769744904705,AITC,0.521,0.406,0.073,-7.17103525032325,1.72981606240801,5.44121918791525,2.59914868726874,TRUE
Kalchini,38.6613208641344,47.2352517902275,14.1034273456381,30.4522018561757,37.3630582806484,11.0383972679803,31.5881771010372,38.34541482716,11.5734232281293,NDA,0.381,0.527,0.092,0.561320864134359,-5.46474820977249,4.90342734563812,-8.57393092609316,TRUE
Kaliaganj,39.2995942196753,45.6271723960371,15.0732333842876,31.6898759129164,36.8840067227327,12.0778854408349,32.7875807885001,37.8058663681706,12.6242788666429,NDA,0.396,0.487,0.117,-0.300405780324688,-3.07282760396294,3.37323338428763,-6.32757817636175,TRUE
Kaliganj,45.4717948175471,37.4164565233335,17.1117486591194,36.2324315976644,29.8398119429024,13.5436633480541,37.2125239754485,30.6090120588245,14.0888800697646,AITC,0.533,0.309,0.158,-7.82820518245287,6.5164565233335,1.31174865911936,8.05533829421362,TRUE
Kalimpong,23.7934834883336,39.7436101678367,36.4629063438297,17.3677648637563,30.0302279898019,27.5710272517601,20.4894070732982,32.2719155418307,29.7336478981551,NDA,0,0.351,0.649,23.7934834883336,4.64361016783669,-28.4370936561703,-15.9501266795031,TRUE
Kalna,42.1647274411105,42.953175936169,14.8820966227205,33.6469196018972,34.283650986147,11.79174133487,34.4601050290613,35.0088382390197,12.2460621412602,NDA,0.46,0.424,0.116,-3.83527255888953,0.553175936169012,3.28209662272053,-0.788448495058539,TRUE
Kalyani,40.8179973099817,43.6127043175301,15.5692983724882,32.690503488189,35.0150943713068,12.401586785415,33.5898958365799,35.7625501945266,12.8946929096234,NDA,0.43,0.44,0.13,-2.18200269001831,-0.387295682469862,2.56929837248815,-2.79470700754845,TRUE
Kamarhati,44.5162078657067,34.8112390758138,20.6725530584795,34.1698934357554,26.6288028779222,15.7372053065696,35.2967264342603,27.6200876814395,16.5120206066534,AITC,0.512,0.266,0.222,-6.68379213429329,8.21123907581382,-1.52744694152053,9.7049687898929,TRUE
Kandi,44.5181230490097,37.189850520828,18.2920264301623,35.0594891310946,29.2826624265242,14.3262608561714,35.99228524308,30.0596818520651,14.8907741339868,AITC,0.512,0.307,0.181,-6.68187695099027,6.489850520828,0.192026430162287,7.32827252818174,TRUE
Kanthi Dakshin,41.8525594266527,46.4072507640288,11.7401898093185,33.1266739598001,36.7581754727908,9.15167141136861,33.9742254189424,37.5789999721365,9.66058835390128,NDA,0.453,0.506,0.041,-3.44744057334733,-4.19274923597123,7.64018980931854,-4.55469133737611,TRUE
Kanthi Uttar,41.9853152497537,46.059595078096,11.9550896721504,33.7890256890727,37.0851612901363,9.48361531238984,34.6539647654094,37.9232007533422,10.009651983511,NDA,0.456,0.497,0.047,-3.61468475024635,-3.64040492190404,7.25508967215038,-4.07427982834231,TRUE
Karandighi,46.1151978026597,40.9837101918509,12.9010920054894,36.7644744564407,32.7206303520901,10.22329875419,37.8344530703587,33.5945561887505,10.6679184765408,AITC,0.547,0.375,0.078,-8.58480219734027,3.48371019185091,5.10109200548936,5.13148761080883,TRUE
Karimpur,44.0255429198308,41.6789193680698,14.2955377120994,35.3267343597218,33.4877886934369,11.4006305934096,36.2032628589784,34.2231806666405,11.8534787033275,AITC,0.501,0.394,0.105,-6.07445708016925,2.27891936806984,3.79553771209941,2.34662355176091,TRUE
Kasba,45.9726814768177,34.5406554278157,19.4866630953666,36.8306377924847,27.6141473821707,15.4982503437518,37.8952030086213,28.5362711273885,16.1780714789708,AITC,0.544,0.259,0.197,-8.42731852318228,8.64065542781571,-0.213336904633429,11.432026049002,TRUE
Kashipur,41.223281653087,45.2350271716589,13.5416911752541,32.6137445454588,35.8190909089509,10.615716506802,33.5029689884488,36.6318119558164,11.0963477922863,NDA,0.439,0.477,0.084,-2.67671834691303,-2.46497282834106,5.14169117525409,-4.01174551857197,TRUE
Kashipur Belgachhia,46.9565640204383,37.2220399612713,15.8213960182904,35.7120697934464,28.3317183862797,11.9753239546175,37.0978998215158,29.4473480364911,12.5675161173839,AITC,0.565,0.302,0.133,-9.54343597956169,7.02203996127128,2.52139601829041,9.73452405916703,TRUE
Katulpur,40.3723601765536,45.0512365100988,14.5764033133477,32.3673311450974,36.2023864529334,11.6084170842574,33.3212552290549,37.0178558033922,12.1124223536234,NDA,0.42,0.473,0.107,-1.62763982344645,-2.24876348990121,3.87640331334766,-4.67887633354524,TRUE
Katwa,43.1125085190124,43.7263726088286,13.161118872159,34.6483680619068,35.1619557999513,10.4802496827497,35.4843922242131,35.9334310711683,10.9560953439475,NDA,0.481,0.44,0.079,-4.98749148098764,-0.273627391171374,5.26111887215901,-0.613864089816261,TRUE
Keshiary,43.9793359718775,43.2430757039575,12.777588324165,35.1383794438866,34.5783272275291,10.1084261342561,36.0051914785289,35.368232241763,10.5800117703145,AITC,0.5,0.428,0.072,-6.0206640281225,0.443075703957469,5.57758832416504,0.736260267920031,TRUE
Keshpur,44.339594163843,42.8232770622323,12.8371287739247,35.715067556203,34.5121165978864,10.244789662741,36.6321260382977,35.3103569819363,10.718066746068,AITC,0.508,0.418,0.074,-6.46040583615698,1.02327706223232,5.43712877392468,1.5163171016107,TRUE
Ketugram,42.3900409319378,42.1743561891108,15.4356028789514,33.9226598738332,33.7852451686541,12.2845593702368,34.7471359408502,34.4902960739191,12.7428184910114,AITC,0.465,0.407,0.128,-4.10995906806218,1.47435618911075,2.63560287895142,0.215684742827065,TRUE
Khanakul,41.001847719686,45.8888065210414,13.1093457592727,32.8056854329734,36.7776761073458,10.3878763430782,33.6899222808527,37.5942562158137,10.8890796643864,NDA,0.434,0.493,0.073,-2.39815228031404,-3.41119347895862,5.80934575927267,-4.88695880135542,TRUE
Khandaghosh,43.0170385091651,41.0654902561749,15.91747123466,34.4719537806897,32.9424450380018,12.6870493853725,35.3018855749546,33.6329892304449,13.1438468588118,AITC,0.479,0.383,0.138,-4.88296149083487,2.76549025617488,2.11747123466,1.95154825299025,TRUE
Kharagpur,46.2033120985205,40.6091475449861,13.1875403564934,36.6097259572133,32.2091317252409,10.3809790711201,37.6559221501956,33.065244702525,10.8335454873846,AITC,0.549,0.367,0.084,-8.69668790147945,3.90914754498606,4.7875403564934,5.59416455353448,TRUE
Kharagpur Sadar,41.3592244035551,44.6870896207024,13.9536859757425,32.2878557213383,34.9297327784625,10.8109295456222,33.2204443144179,35.7723274346605,11.2806662532343,NDA,0.442,0.464,0.094,-2.8407755964449,-1.71291037929759,4.5536859757425,-3.32786521714731,TRUE
Khardaha,43.5258240375467,38.7339963265541,17.7401796358992,34.2620127681891,30.4744859534775,13.8859367209414,35.1072603092895,31.1998003863357,14.4118637682079,AITC,0.49,0.337,0.173,-5.47417596245327,5.0339963265541,0.440179635899163,4.79182771099264,TRUE
Khargram,44.0670380114249,38.1931557642222,17.739806224353,34.7162496434141,30.0857527519687,13.9037061118837,35.5979348168612,30.8239276537489,14.4364395060793,AITC,0.502,0.326,0.172,-6.13296198857513,5.59315576422216,0.539806224352969,5.87388224720271,TRUE
Khejuri,41.0469751302876,46.910851569314,12.0421733003984,32.7631152253701,37.4755121053014,9.47301731026602,33.6375421869063,38.3177932022637,10.0032358938818,NDA,0.435,0.519,0.046,-2.45302486971244,-4.98914843068598,7.44217330039842,-5.86387643902646,TRUE
Kolkata Port,52.784105741231,35.1437695807444,12.0721246780246,40.2348699473558,26.7860730230907,9.12580382112449,42.4626562460665,28.4140616747732,9.78388606226735,AITC,0.692,0.243,0.065,-16.415894258769,10.8437695807444,5.57212467802461,17.6403361604866,TRUE
Krishnaganj,40.1913781882885,46.4534345585552,13.3551872531564,32.3411794618519,37.4534713806133,10.6514357249228,33.3297800914258,38.3260701123224,11.1720668185088,NDA,0.416,0.507,0.077,-1.40862181171153,-4.24656544144481,5.65518725315635,-6.26205637026673,TRUE
Krishnanagar Dakshin,42.5745737607704,42.8397998281205,14.585626411109,33.7471333960896,33.9768824609965,11.4823388394722,34.5686511744867,34.6892834042107,11.9239059319189,NDA,0.469,0.421,0.11,-4.32542623922958,0.739799828120532,3.58562641110905,-0.265226067350113,TRUE
Krishnanagar Uttar,38.0925666182502,47.8245289301562,14.0829044515936,30.0643925604996,37.9206869782635,11.0474023292438,31.2786779520906,38.9504313414738,11.5998309583154,NDA,0.368,0.542,0.09,1.29256661825024,-6.37547106984383,5.08290445159358,-9.73196231190594,TRUE
Kulpi,43.9771607153333,38.1285870153082,17.8942522693585,34.7848856868869,30.1511072907127,14.0787244584262,35.6521677916348,30.8947033263287,14.6127521497097,AITC,0.5,0.325,0.175,-6.02283928466672,5.62858701530824,0.394252269358468,5.84857370002504,TRUE
Kultali,44.70560311616,37.2628747750266,18.0315221088135,35.9616829930955,29.9754291830029,14.4070382839166,36.8865967518216,30.7516826881847,14.9747987186941,AITC,0.516,0.308,0.176,-6.89439688384005,6.46287477502655,0.431522108813489,7.4427283411334,TRUE
Kulti,42.1616687631989,44.7216162703179,13.1167149664832,33.014567870366,35.0359499140619,10.1773828298166,33.9018192113876,35.8380057801086,10.6436257447671,NDA,0.46,0.464,0.076,-3.83833123680109,-1.67838372968208,5.51671496648316,-2.55994750711901,TRUE
Kumarganj,45.1135309859602,39.7523591614081,15.1341098526317,35.1690680730504,31.035496229838,11.7535295359436,36.2168268928932,31.8578399994211,12.2244328727689,AITC,0.525,0.353,0.122,-7.3864690140398,4.45235916140813,2.93410985263167,5.36117182455208,TRUE
Kumargram,40.9901780205694,45.4503446866796,13.559477292751,33.0341785226704,36.6749969256202,10.8332024220468,33.9392414040496,37.4937578485924,11.3398169342324,NDA,0.434,0.482,0.084,-2.4098219794306,-2.74965531332036,5.15947729275097,-4.46016666611025,TRUE
Kurseong,23.7914581001117,42.6269295093727,33.5816123905156,17.5401263020647,32.679809626951,25.6836300455446,20.7036367035654,34.861753458144,27.6208479999508,NDA,0,0.419,0.581,23.7914581001117,0.726929509372653,-24.5183876094844,-18.8354714092609,TRUE
Kushmandi,43.4740385663868,42.8543548032082,13.671606630405,34.2464730546325,33.7807320671912,10.6809079785867,35.088582615398,34.5141731917175,11.1375701890667,AITC,0.489,0.42,0.091,-5.42596143361315,0.854354803208203,4.57160663040495,0.619683763178642,TRUE
Labhpur,44.4712209820496,43.2375488748555,12.2912301430949,35.534161449999,34.5490997201665,9.71228234438953,36.416015430703,35.3648719863265,10.1793696876824,AITC,0.511,0.427,0.062,-6.62877901795041,0.537548874855517,6.09123014309489,1.23367210719407,TRUE
Lalgola,46.9876413859742,27.8059305369635,25.2064280770623,36.998469383479,21.5893684582559,19.5706438587643,38.1819841259971,22.8844779489751,20.7245328335185,AITC,0.566,0.155,0.279,-9.6123586140258,12.3059305369635,-2.69357192293766,19.1817108490108,TRUE
Madarihat,38.0136432872588,47.8572261832491,14.1291305294921,29.3986956918552,37.2538007494917,10.8800420203712,30.6849970464005,38.3331336482636,11.4174466256595,NDA,0.366,0.543,0.091,1.41364328725881,-6.44277381675092,5.02913052949209,-9.84358289599025,TRUE
Madhyamgram,43.4667620588853,35.5478404000408,20.9853975410739,35.037155088828,28.5236610343414,16.7510506129577,35.9041095063051,29.4344578530959,17.4829541599358,AITC,0.489,0.28,0.231,-5.43323794111467,7.54784040004081,-2.11460245892614,7.91892165884452,TRUE
Magrahat Paschim,43.9380552342927,34.280483620164,21.7814611455433,34.7745081111021,27.0041227727158,17.0774546592869,35.6312396461096,27.9423957087524,17.8537872237394,AITC,0.499,0.258,0.243,-5.96194476570732,8.48048362016398,-2.51853885445666,9.6575716141287,TRUE
Magrahat Purba,45.7021726037457,35.5326240017245,18.7652033945298,36.3366086987781,28.248433988824,14.8069060429856,37.3468596035316,29.0753351092919,15.4409069768471,AITC,0.538,0.276,0.186,-8.09782739625428,7.93262400172452,0.165203394529758,10.1695486020212,TRUE
Maheshtala,46.898101205225,37.1086021229202,15.9932966718548,37.4657002999897,29.6977287737752,12.7002006584006,38.6129879076512,30.5809657015841,13.2541192154077,AITC,0.564,0.3,0.136,-9.50189879477499,7.10860212292022,2.39329667185477,9.78949908230479,TRUE
Mahisadal,42.3921230867124,44.3010204478657,13.3068564654219,33.9934162721115,35.5426273236963,10.5689998379747,34.8164406803356,36.2998105456574,11.054982837536,NDA,0.465,0.454,0.081,-4.10787691328762,-1.09897955213431,5.20685646542193,-1.90889736115331,TRUE
Mal,42.3947467893574,43.6432781217726,13.96197508887,33.8908159352207,34.9256554815687,11.0761711641497,34.7095525441332,35.6486267966014,11.5349339108998,NDA,0.465,0.439,0.096,-4.10525321064259,-0.256721878227367,4.36197508886995,-1.24853133241523,TRUE
Malatipur,52.2312458114027,30.7125815081893,17.056172680408,40.6565463934954,23.8169977051692,13.1560444424748,42.6785014868159,25.2192884061172,14.04305723076,AITC,0.68,0.184,0.136,-15.7687541885973,12.3125815081893,3.456172680408,21.5186643032134,TRUE
Maldaha,38.4824936837244,44.0661339088827,17.4513724073929,30.4769222437097,35.0441139366845,13.8088308248831,31.6315789585321,35.9722063545264,14.3398630393202,NDA,0.377,0.452,0.171,0.782493683724411,-1.13386609111732,0.351372407392891,-5.58364022515827,TRUE
Manbazar,43.2013878488917,42.4206115279324,14.3780006231759,34.5515088745456,33.9546699324756,11.423831646748,35.3716684939896,34.6831751019128,11.8661923746855,AITC,0.483,0.411,0.106,-5.09861215110829,1.32061152793241,3.77800062317588,0.780776320959298,TRUE
Mandirbazar,43.0722099352592,40.0559102904674,16.8718797742735,34.2141579491969,31.8214287755382,13.3262492551676,35.0302310090749,32.5137440160659,13.8067425965783,AITC,0.48,0.363,0.157,-4.92779006474085,3.75591029046738,1.17187977427348,3.01629964479177,TRUE
Mangalkot,43.74882730338,41.5607452709385,14.6904274256815,35.035442988282,33.3259231206167,11.6966459967563,35.8904311327769,34.044979225177,12.1476662456977,AITC,0.495,0.392,0.113,-5.75117269662,2.36074527093852,3.39042742568148,2.18808203244148,TRUE
Manikchak,45.4776148555735,40.6115623417514,13.9108228026751,36.1885300276589,32.3466244427382,10.999783954891,37.1680523511829,33.1508566874113,11.4511287028942,AITC,0.533,0.369,0.098,-7.8223851444265,3.71156234175142,4.11082280267507,4.86605251382208,TRUE
Maniktola,44.3234223629597,39.8300134536128,15.8465641834275,33.7737481687781,30.3123794531475,12.0075197186938,34.9962035569645,31.3501657899788,12.5652565653783,AITC,0.508,0.356,0.136,-6.47657763704031,4.23001345361276,2.24656418342755,4.49340890934693,TRUE
Manteswar,44.2005987915909,39.6000464153359,16.1993547930732,35.259064063507,31.6023069237526,12.8428516501996,36.1249474744095,32.3168858324292,13.3242733038079,AITC,0.505,0.352,0.143,-6.29940120840907,4.40004641533588,1.89935479307319,4.60055237625505,TRUE
Mathabhanga,39.7954137133863,47.310398893622,12.8941873929917,31.7288713043675,37.8041900362252,10.1724806520318,32.7211148249942,38.7002544060289,10.6992238518333,NDA,0.407,0.529,0.064,-0.904586286613736,-5.58960110637798,6.49418739299172,-7.51498518023576,TRUE
Matigara-Naxalbari,34.6389539038243,49.3608314916816,16.0002146044942,27.6029199819831,39.6743653877767,12.7456583947259,29.3383534424161,41.1187364690288,13.4444587688089,NDA,0.287,0.581,0.132,5.93895390382428,-8.73916850831844,2.80021460449417,-14.7218775878573,TRUE
Maynaguri,41.1690850370013,45.6988692654562,13.1320456975425,33.2331612379624,36.9257149262513,10.4934105244923,34.14486472089,37.7605643066837,11.0033193645127,NDA,0.438,0.488,0.074,-2.63091496299872,-3.1011307345438,5.73204569754251,-4.52978422845492,TRUE
Mayureswar,44.1528599516569,43.9100666823174,11.9370733660257,35.0454729192301,34.8628798495016,9.36589600925919,35.912994130708,35.6655542236967,9.83213817196106,AITC,0.504,0.443,0.053,-6.24714004834306,-0.389933317682598,6.63707336602567,0.242793269339536,TRUE
Medinipur,44.2903645855468,42.229474923916,13.4801604905371,35.8165040013547,34.1686504964219,10.823126953588,36.7646146306038,34.963997647276,11.2857606086583,AITC,0.507,0.405,0.088,-6.40963541445316,1.72947492391601,4.68016049053715,2.06088966163083,TRUE
Mekliganj,43.9664072755235,43.1651866745266,12.8684060499499,34.8970711328825,34.2610362464573,10.1153822897887,35.7410632695626,35.0315581361235,10.5745880663363,AITC,0.5,0.426,0.074,-6.03359272447654,0.565186674526615,5.46840604994993,0.801220600996842,TRUE
Memari,43.0174699808473,40.6179855434118,16.3645444757409,34.4863267060357,32.5867358022604,13.0510452111636,35.3167944316876,33.289603899366,13.5163910350265,AITC,0.479,0.374,0.147,-4.88253001915267,3.2179855434118,1.66454447574086,2.39948443743553,TRUE
Metiaburuz,56.2691961160517,30.5974518857524,13.1333519981959,43.7296674504155,23.6448363686353,10.1091463982725,46.5288595556837,25.5836194405374,10.9726055675783,AITC,0.768,0.16,0.072,-20.5308038839483,14.5974518857524,5.93335199819594,25.6717442302993,TRUE
Minakhan,44.7485750670685,34.0978431396611,21.1535817932704,35.7451659037553,27.0986998758922,16.7232952957371,36.654113846902,28.0389162986845,17.4698019135819,AITC,0.517,0.254,0.229,-6.95142493293152,8.6978431396611,-1.74641820672958,10.6507319274074,TRUE
Mothabari,48.4157121674987,34.3483331777505,17.2359546547508,37.3794654554552,26.5766751828872,13.2455791085626,38.8728642216022,27.6418328274811,13.9287472741385,AITC,0.597,0.25,0.153,-11.2842878325013,9.34833317775045,1.93595465475084,14.0673789897483,TRUE
Moyna,42.8923380934339,45.4674407020861,11.64022120448,34.4677435873075,36.534853890607,9.21113640629993,35.2972818605827,37.3777724768232,9.73614868218692,NDA,0.476,0.482,0.042,-4.70766190656607,-2.73255929791393,7.44022120447999,-2.57510260865215,TRUE
Murarai,51.8720468443075,33.3026608872494,14.8252922684431,41.0396792374371,26.3155169214785,11.6531154402993,43.0201497681498,27.7282463830029,12.3725195174637,AITC,0.672,0.221,0.107,-15.3279531556926,11.2026608872494,4.12529226844312,18.569385957058,TRUE
Murshidabad,39.8381576378429,42.6064424512678,17.5553999108893,31.9885425652584,34.2979034484018,14.0545701660758,33.0098330694018,35.1325033718785,14.5869370796848,NDA,0.408,0.419,0.173,-0.961842362157142,0.70644245126784,0.255399910889313,-2.76828481342498,TRUE
Nabadwip,43.2943367044835,41.7635972735222,14.9420660219943,34.5731242106561,33.3855903238501,11.86402258971,35.3921109333554,34.0907183784504,12.306751043673,AITC,0.485,0.397,0.118,-5.20566329551647,2.06359727352219,3.14206602199427,1.53073943096134,TRUE
Nabagram,43.1637829101275,37.2734010861867,19.5628160036858,34.440453834318,29.6961407811253,15.4997478159353,35.2426236269242,30.4814168713573,16.0967655669359,AITC,0.482,0.311,0.207,-5.03621708987253,6.17340108618673,-1.1371839963142,5.89038182394074,TRUE
Nagrakata,38.3139840898216,45.929136403729,15.7568795064494,30.0795361934278,36.230581038822,12.3360429599429,31.2751244348065,37.2022181253864,12.8686202575406,NDA,0.373,0.495,0.132,1.01398408982156,-3.570863596271,2.55687950644944,-7.61515231390744,TRUE
Naihati,43.8213479330683,40.8008902445395,15.3777618223922,33.9207689144166,31.5532729557502,11.8426766478015,34.9401299131207,32.4285182362765,12.3167854595233,AITC,0.497,0.376,0.127,-5.87865206693167,3.20089024453948,2.67776182239219,3.02045768852885,TRUE
Nakashipara,43.9738465178464,41.9170337610262,14.1091197211274,35.0807046503262,33.4840164927182,11.1815015611138,35.9509231167788,34.2120697042308,11.631227501484,AITC,0.5,0.399,0.101,-6.02615348215358,2.01703376102617,4.00911972112741,2.05681275682025,TRUE
Nalhati,46.9356683676172,36.5983682593586,16.4659633730242,37.2852129053927,29.1096428839661,12.9930787733824,38.4270552688273,29.9622400140037,13.5593540964677,AITC,0.565,0.291,0.144,-9.56433163238285,7.49836825935862,2.06596337302422,10.3373001082585,TRUE
Nandakumar,42.8906840037086,44.2319779874592,12.8773380088322,34.5162078224334,35.627203527866,10.253494418906,35.3471175715844,36.4045797296289,10.7406467944031,NDA,0.476,0.452,0.072,-4.70931599629143,-0.968022012540821,5.67733800883224,-1.34129398375061,TRUE
Nandigram,42.8938951684587,45.5848363268474,11.5212685046939,34.5324724512601,36.6926031473725,9.13072828704505,35.3708776063481,37.5580031243527,9.65993926397497,NDA,0.476,0.485,0.039,-4.70610483154133,-2.91516367315257,7.6212685046939,-2.69094115838875,TRUE
Nanoor,42.8799904938608,44.0710314333396,13.0489780727996,34.6332154479519,35.616102032427,10.4345843882876,35.5212917688426,36.4073743414442,10.9207475650837,NDA,0.476,0.448,0.076,-4.72000950613916,-0.728968566660406,5.44897807279957,-1.19104093947875,TRUE
Naoda,47.711627924173,31.9489988670885,20.3393732087384,37.7595589022166,25.1972459222902,15.9424062114433,39.0160916847667,26.2368661039577,16.7417907292632,AITC,0.582,0.215,0.203,-10.488372075827,10.4489988670885,0.0393732087384393,15.7626290570845,TRUE
Narayangarh,42.2997378114898,44.2124901608192,13.487772027691,33.8916423502249,35.446950962847,10.7072327527605,34.7141020502787,36.192622300685,11.1893566610409,NDA,0.463,0.452,0.085,-4.00026218851021,-0.987509839180788,4.987772027691,-1.91275234932943,TRUE
Natabari,39.7944966869918,46.7649107867294,13.4405925262788,31.7787203782743,37.4416788267394,10.6270279596169,32.7676992885869,38.3179596531101,11.1527144833301,NDA,0.407,0.515,0.078,-0.905503313008239,-4.7350892132706,5.64059252627884,-6.97041409973764,TRUE
Nayagram,45.1088290073849,42.3442114847095,12.5469595079056,35.6330977028218,33.4784265261401,9.82660459815179,36.5895632675949,34.3000202029756,10.2823517369601,AITC,0.525,0.406,0.069,-7.39117099261513,1.74421148470954,5.64695950790559,2.76461752267533,TRUE
Noapara,43.4814744154793,39.4202461041665,17.0982794803541,34.4005315549102,31.1879537571217,13.4625111964502,35.2336482378671,31.8951636688803,13.9438582216052,AITC,0.489,0.35,0.161,-5.41852558452067,4.42024610416654,0.998279480354121,4.06122831131279,TRUE
Onda,40.1020386288348,44.6988279179449,15.1991334532203,32.1664722960871,35.936398576457,12.1154086819238,33.1539806002397,36.7669318082839,12.6234063165756,NDA,0.414,0.465,0.121,-1.29796137116523,-1.80117208205508,3.09913345322031,-4.59678928911015,TRUE
Palashipara,45.890176511573,36.3768057885109,17.7330176999161,36.4274436932036,28.8962418005976,13.983752308107,37.4503073963397,29.700798419007,14.5680162919984,AITC,0.542,0.29,0.168,-8.30982348842704,7.37680578851088,0.933017699916139,9.51337072306209,TRUE
Panchla,43.1556516372483,38.3783948443628,18.4659535183889,34.5619429773106,30.7285649078637,14.7000904587037,35.398171241879,31.4719662317203,15.2555337542151,AITC,0.482,0.331,0.187,-5.04434836275171,5.27839484436279,-0.234046481611077,4.7772567928855,TRUE
Pandaveswar,41.7160508771865,43.0617957008172,15.2221534219963,32.4531153456461,33.5251302722328,11.7645878217636,33.3786018851871,34.3491924652624,12.2186191756909,NDA,0.45,0.427,0.123,-3.28394912281348,0.361795700817197,2.92215342199629,-1.34574482363068,TRUE
Pandua,42.1604053734184,37.5915105679118,20.2480840586698,33.8575151981172,30.141150192538,16.1486440605937,34.7162172833455,30.9836061882769,16.7990582278073,AITC,0.46,0.318,0.222,-3.83959462658157,5.7915105679118,-1.95191594133024,4.56889480550662,TRUE
Panihati,43.7991372251981,39.5500269721402,16.6508358026617,34.2719248660332,30.9654145163039,12.9712474687127,35.183158217642,31.7174105750204,13.4574332911881,AITC,0.496,0.352,0.152,-5.80086277480186,4.35002697214016,1.45083580266169,4.24911025305797,TRUE
Panskura Paschim,42.9275704682856,43.6811144831853,13.3913150485292,34.65120704914,35.2874478513017,10.7179669169628,35.5324709870485,36.0561717907149,11.1989654400583,NDA,0.477,0.439,0.084,-4.77242953171444,-0.218885516814737,4.99131504852918,-0.753544014899696,TRUE
Panskura Purba,42.1637296989116,42.3520254626406,15.4842448384478,33.4598625118332,33.6283589097351,12.2159369581049,34.2939708981395,34.3258904104768,12.6672593897901,NDA,0.46,0.411,0.129,-3.83627030108836,1.2520254626406,2.58424483844777,-0.188295763728952,TRUE
Para,40.8231858026754,44.0630235964753,15.1137906008493,32.2599510233907,34.8854324316777,11.8837875838097,33.1744248170566,35.6653971748763,12.3485179946676,NDA,0.43,0.45,0.12,-2.17681419732461,-0.93697640352466,3.11379060084928,-3.23983779379995,TRUE
Patashpur,44.1535730910915,44.4563624097037,11.3900644992048,35.2204543724307,35.4511686777812,8.9595677155027,36.0837467555551,36.3007811827591,9.45516957600146,NDA,0.504,0.456,0.04,-6.24642690890847,-1.1436375902963,7.39006449920476,-0.30278931861217,TRUE
Patharpratima,44.7977020249619,43.0794061992082,12.1228917758299,36.0991731360048,34.7364309705597,9.66460250793897,37.0474895732953,35.5850967214244,10.1529233653331,AITC,0.518,0.423,0.059,-7.00229797503812,0.779406199208189,6.22289177582992,1.7182958257537,TRUE
Phansidewa,38.3965773665585,46.5113276197096,15.0920950137319,30.4161583832421,37.0178906070355,11.8939586642449,31.5867699687815,37.9674505309625,12.4372963380234,NDA,0.375,0.509,0.116,0.896577366558489,-4.38867238029036,3.49209501373187,-8.11475025315115,TRUE
Pingla,43.6142978639033,44.7182031863245,11.6674989497722,35.1165831337261,35.9971092276763,9.2623778394964,35.9822573239942,36.8435005348743,9.7763998035487,NDA,0.492,0.463,0.045,-5.58570213609674,-1.58179681367551,7.16749894977224,-1.10390532242123,TRUE
Purbasthali Dakshin,43.5636465959327,42.4034537744335,14.0328996296337,34.8569027038871,33.965185937219,11.1574681422915,35.6971616976117,34.6982524398385,11.6045920164214,AITC,0.491,0.41,0.099,-5.53635340406726,1.40345377443354,4.13289962963373,1.16019282149921,TRUE
Purbasthali Uttar,41.043413857363,41.9437860465227,17.0128000961143,32.7582439236483,33.5311252620876,13.5152551526506,33.6329951905482,34.2709845186836,14.014164994367,NDA,0.435,0.404,0.161,-2.45658614263702,1.54378604652272,0.912800096114292,-0.900372189159739,TRUE
Pursurah,39.8837035703728,47.5365228166754,12.5797736129518,31.942317605893,38.1509331672931,9.94923760356578,32.935679804648,39.0666359006746,10.4938828016656,NDA,0.409,0.535,0.056,-1.01629642962717,-5.96347718332464,6.97977361295181,-7.65281924630253,TRUE
Purulia,39.4936431407044,43.2788786421921,17.2274782171035,31.3432261723346,34.468977201813,13.6407985025741,32.3876570920555,35.3023873684348,14.1547004852804,NDA,0.4,0.434,0.166,-0.506356859295622,-0.12112135780788,0.627478217103487,-3.78523550148774,TRUE
Raghunathganj,51.5770922039527,27.8727753310444,20.5501324650029,40.3191336515075,21.6262909085573,15.875169388145,42.2188011215066,22.9864239088477,16.9878258507149,AITC,0.666,0.15,0.184,-15.0229077960473,12.8727753310444,2.15013246500292,23.7043168729083,TRUE
Raghunathpur (Purulia),40.4206799524644,43.8638984029726,15.715421644563,32.2590538326086,35.1091134340774,12.4820579461697,33.1912980229961,35.88126462457,12.9764726026873,NDA,0.421,0.446,0.133,-1.67932004753562,-0.736101597027407,2.41542164456301,-3.44321845050821,TRUE
Raidighi,43.2867391565627,38.6630999170058,18.0501609264316,35.0187916507115,31.2707433249713,14.513698302208,35.933335423369,32.0656795733646,15.0673569629577,AITC,0.485,0.336,0.179,-5.21326084343735,5.06309991700577,0.150160926431564,4.62363923955689,TRUE
Raiganj,38.008963638345,45.8764835343876,16.1145528272674,29.2960693032442,35.5916128277455,12.3964643189255,30.5982876689422,36.6440836302429,12.945204876271,NDA,0.366,0.494,0.14,1.40896363834499,-3.52351646561241,2.11455282726742,-7.86751989604259,TRUE
Raina,42.8348780930165,41.6430490877296,15.5220728192539,34.5107428444039,33.5948406803231,12.4334832038752,35.3493477805506,34.3024107708265,12.8949606390374,AITC,0.475,0.395,0.13,-4.66512190698352,2.14304908772961,2.52207281925392,1.19182900528687,TRUE
Raipur (Bankura),44.8821771344458,42.9553369681882,12.162485897366,35.500161933314,33.9988883929834,9.52312333313439,36.4275373956643,34.8259325938689,9.98726276166498,AITC,0.52,0.42,0.06,-7.11782286555425,0.95533696818822,6.16248589736603,1.92684016625753,TRUE
Rajarhat Gopalpur,43.5235665801518,39.3714115527245,17.1050218671237,34.1607476300769,30.907523313327,13.3626580808494,35.0330984348266,31.6467438297271,13.8552826425525,AITC,0.49,0.349,0.161,-5.47643341984818,4.47141155272449,1.0050218671237,4.15215502742733,TRUE
Rajarhat New Town,45.8846248812252,37.0746255694997,17.040749549275,36.9662015482474,29.8995793349013,13.6466578283997,38.0337497159969,30.7440651103266,14.2091231856601,AITC,0.542,0.302,0.156,-8.31537511877477,6.87462556949975,1.44074954927502,8.80999931172548,TRUE
Rajganj,43.2933397106997,42.4746105949107,14.2320496943896,34.6499601244693,34.0290417975227,11.3199457283534,35.4827275269635,34.7632188449158,11.7618336310356,AITC,0.485,0.412,0.103,-5.2066602893003,1.27461059491066,3.93204969438962,0.818729115789047,TRUE
Ramnagar (Purba Medinipur),44.2947666053968,44.2493640973722,11.455869297231,35.5489719330029,35.5058336945751,9.06950217845804,36.4343048893363,36.3614279282012,9.57967696860904,AITC,0.507,0.451,0.042,-6.40523339460324,-0.850635902627758,7.25586929723099,0.045402508024516,TRUE
Rampurhat,42.8401348642627,43.537691058086,13.6221740776514,34.3222188089565,34.8989460427657,10.8244865950229,35.1429330358997,35.6444749175166,11.2929548879384,NDA,0.475,0.436,0.089,-4.65986513573734,-0.062308941914047,4.72217407765139,-0.697556193823296,TRUE
Ranaghat Dakshin,40.5855536612546,45.8974933036361,13.5169530351093,32.8318043318468,37.174631251819,10.8286722961716,33.7963874064625,38.0344906206064,11.355988282899,NDA,0.425,0.493,0.082,-1.91444633874538,-3.40250669636392,5.3169530351093,-5.31193964238145,TRUE
Ranaghat Uttar Paschim,39.749541501175,46.5289450312917,13.7215134675333,31.8280376623577,37.357827911272,10.8979852293961,32.8395484757678,38.2414861730455,11.4155168972635,NDA,0.406,0.509,0.085,-0.850458498825056,-4.37105496870826,5.22151346753332,-6.77940353011679,TRUE
Ranaghat Uttar Purba,39.3111401994073,47.8903071159524,12.7985526846402,31.3191046538718,38.2685655640464,10.0960839974954,32.3856365783604,39.1957308414059,10.6286288894145,NDA,0.396,0.544,0.06,-0.288859800592661,-6.50969288404758,6.79855268464024,-8.57916691654508,TRUE
Ranibandh,40.8650214367969,42.3179360877206,16.8170424754825,32.5896579841385,33.8145783817824,13.3528902399217,33.4741069632509,34.5499437417438,13.8544403329038,NDA,0.431,0.412,0.157,-2.23497856320313,1.11793608772062,1.11704247548251,-1.45291465092375,TRUE
Raniganj,40.7759439729587,42.1733948933542,17.0506611336872,32.0050712321838,33.1758009142659,13.3350289403989,32.9450376986201,33.9441766916044,13.819372619225,NDA,0.429,0.409,0.162,-2.12405602704131,1.27339489335416,0.850661133687158,-1.39745092039547,TRUE
Raninagar,48.9089337142607,23.5066428600556,27.5844234256837,38.9785239926467,18.3253362248213,21.6305033567587,40.4408289983477,19.8574118360869,23.1219365141084,AITC,0.608,0.095,0.297,-11.8910662857393,14.0066428600556,-2.11557657431635,25.4022908542051,TRUE
Rashbehari,45.2398633759828,39.9300996532192,14.8300369707979,34.2409694454471,30.1955815095787,11.1591629752739,35.5819894429867,31.3369427790236,11.7278894140633,AITC,0.528,0.356,0.116,-7.56013662401716,4.33009965321923,3.23003697079793,5.30976372276361,TRUE
Ratua,48.3590419578372,34.4086160889273,17.2323419532356,38.5318662701219,27.4253095704749,13.6290822478555,39.8969084731313,28.4512890675564,14.3060571844794,AITC,0.596,0.251,0.153,-11.2409580421628,9.30861608892727,1.93234195323556,13.9504258689099,TRUE
Rejinagar,46.8452308252705,33.3968429914505,19.757926183279,37.263066459616,26.5191930112113,15.5846183487346,38.4040193731103,27.4877212765976,16.3123985517507,AITC,0.563,0.239,0.198,-9.45476917472953,9.49684299145049,-0.0420738167209649,13.44838783382,TRUE
Sabang,42.8365226756246,43.4128784323467,13.7505988920287,34.61032634524,35.1151978201225,11.0317026689245,35.5030801597743,35.8737811356497,11.5045793883352,NDA,0.475,0.433,0.092,-4.66347732437545,0.112878432346747,4.5505988920287,-0.576355756722194,TRUE
Sagar,45.7952058603176,42.806544106995,11.3982500326874,36.9669945694267,34.5746513340463,9.10468163986246,38.0411996657395,35.5518554213377,9.59468716122625,AITC,0.54,0.415,0.045,-8.20479413968241,1.30654410699501,6.8982500326874,2.98866175332257,TRUE
Sagardighi,44.43721413006,33.2788347091626,22.2839511607775,34.9990997833141,26.0974876580219,17.3810834719572,35.9219479202098,27.0821918453443,18.2051687204798,AITC,0.51,0.241,0.249,-6.56278586994005,9.17883470916257,-2.61604883922252,11.1583794208974,TRUE
Sainthia,43.8861195945384,43.3297033433325,12.7841770621291,35.2233384552293,34.7847576140106,10.1583008703617,36.090949463775,35.5731973583426,10.6371657097762,AITC,0.498,0.43,0.072,-5.91388040546162,0.329703343332483,5.58417706212914,0.556416251205896,TRUE
Salboni,44.2495265422283,40.775521174239,14.9749522835327,35.9346890421267,33.1632780053764,12.0977875338122,36.91467592065,33.9499485767789,12.5709529628338,AITC,0.506,0.375,0.119,-6.35047345777173,3.27552117423898,3.07495228353274,3.47400536798929,TRUE
Saltora,40.9166019262512,44.1908180025084,14.8925800712404,32.4808118950365,35.149508714681,11.7544874299907,33.3821456768674,35.912958912077,12.2250885142449,NDA,0.432,0.453,0.115,-2.28339807374883,-1.10918199749158,3.3925800712404,-3.27421607625725,TRUE
Samserganj,44.4859684650198,21.7203188490964,33.7937126858838,35.0702294055226,16.446277887699,26.1112092860717,35.9860501440565,18.2838947164459,27.9004020776556,AITC,0.511,0.057,0.432,-6.6140315349802,16.0203188490964,-9.40628731411623,22.7656496159234,TRUE
Sandeshkhali,46.0744714979429,39.9293027420837,13.9962257599734,36.6091540088159,31.7669144782592,11.0635491304112,37.6498939121686,32.6176470779266,11.5187388271599,AITC,0.546,0.354,0.1,-8.52552850205707,4.52930274208366,3.99622575997341,6.14516875585927,TRUE
Sankrail,44.1598664934495,37.9807179506925,17.8594155558581,35.4438659815748,30.5031661812296,14.2473622148355,36.3249774359022,31.2437304593217,14.7929047855787,AITC,0.504,0.322,0.174,-6.24013350655054,5.78071795069248,0.45941555585808,6.17914854275698,TRUE
Santipur,40.6864781273007,46.1292012512697,13.1843206214296,32.5691591976121,36.9967409553553,10.4532977393179,33.4753912471268,37.830734738151,10.9578395170266,NDA,0.427,0.499,0.074,-2.01352187269928,-3.77079874873032,5.78432062142958,-5.44272312396895,TRUE
Saptagram,43.3417874475609,43.5142312133776,13.1439813390615,34.2843587244844,34.4452781388913,10.3069179056456,35.1203400280313,35.1783351421292,10.7667500433574,NDA,0.486,0.435,0.079,-5.25821255243906,0.0142312133776272,5.24398133906145,-0.172443765816688,TRUE
Satgachhia,44.156545514539,42.2171163458858,13.6263381395752,35.6539937640657,34.1157132710571,10.9315955595514,36.5825781989196,34.8945790333527,11.3864610193256,AITC,0.504,0.405,0.091,-6.24345448546096,1.71711634588576,4.52633813957519,1.93942916865328,TRUE
Shibpur,44.2962610333077,38.3267080567505,17.3770309099419,34.8123571068486,30.1232887242946,13.5940001540395,35.7244189870667,30.8799540390682,14.1115035123751,AITC,0.507,0.328,0.165,-6.40373896669235,5.52670805675046,0.87703090994189,5.9695529765572,TRUE
Shyampukur,45.8692047879673,38.271911298013,15.8588839140197,34.1405149217441,28.4437199755618,11.7546375647564,35.767860578257,29.7643626184705,12.3936206625911,AITC,0.542,0.323,0.135,-8.33079521203272,5.97191129801303,2.3588839140197,7.59729348995425,TRUE
Shyampur,44.7451373051261,40.8264371416397,14.4284255532342,35.9041921019431,32.7799107158625,11.5010091726827,36.8244303008182,33.5441641687756,11.957393985995,AITC,0.517,0.375,0.108,-6.95486269487393,3.3264371416397,3.62842555323423,3.91870016348637,TRUE
Siliguri,35.2238670563324,46.1009714183975,18.67516152527,27.2532491520699,35.9819812594992,14.5121538388909,28.932525462827,37.2375317128351,15.1477774011898,NDA,0.301,0.5,0.199,5.12386705633245,-3.89902858160248,-1.22483847472996,-10.8771043620651,TRUE
Singur,43.1168849087543,39.802288171781,17.0808269194647,34.4339193942364,31.7889960580788,13.5648567950638,35.2318734155913,32.4935580202157,14.0494782347494,AITC,0.481,0.358,0.161,-4.98311509124569,4.002288171781,0.98082691946469,3.31459673697331,TRUE
Sitai,43.7002717124504,44.268265969557,12.0314623179926,35.3380610099421,35.8050012853643,9.60904504210124,36.2694815848002,36.6510688361222,10.115261970931,NDA,0.494,0.452,0.054,-5.69972828754958,-0.931734030443018,6.63146231799261,-0.56799425710657,TRUE
Sitalkuchi,41.0757696238682,46.4988322965503,12.4253980795815,33.3030287190367,37.7097340756155,9.93282358384537,34.2539394631432,38.6188717847992,10.4720381821533,NDA,0.436,0.508,0.056,-2.52423037613182,-4.30116770344966,6.82539807958148,-5.42306267268215,TRUE
Sonamukhi,40.3776391750988,45.0410244269172,14.5813363979841,32.1048047979351,35.9231933831078,11.5154831680775,33.0474727749329,36.7245409701424,12.004927897705,NDA,0.42,0.473,0.107,-1.62236082490121,-2.25897557308285,3.88133639798405,-4.66338525181836,TRUE
Sonarpur Dakshin,42.568898872142,39.710325802771,17.720775325087,34.3499816836406,32.0445434802086,14.2246992779972,35.2063824127947,32.8126059309679,14.7493038851868,AITC,0.469,0.357,0.174,-4.33110112785798,4.01032580277101,0.320775325086977,2.85857306937101,TRUE
Sonarpur Uttar,43.9246771459645,39.4144587162533,16.6608641377823,35.5501631407365,31.9357994297371,13.4039526533495,36.492763463404,32.711033153628,13.9125065924891,AITC,0.499,0.349,0.152,-5.97532285403555,4.51445871625327,1.46086413778228,4.51021842971118,TRUE
Sreerampur,43.7504766812911,40.4719004930263,15.7776228256826,34.5299796685467,31.9494426107339,12.3760607121229,35.3704069593765,32.66494757732,12.8377000610804,AITC,0.495,0.37,0.135,-5.7495233187089,3.47190049302632,2.27762282568257,3.27857618826478,TRUE
Sujapur,54.7071735358255,21.4499234675765,23.8429029965979,42.8861687522799,16.4792502268993,18.371009213626,45.3765375462228,18.1463064313426,20.0586929430675,AITC,0.734,0.071,0.195,-18.6928264641745,14.3499234675765,4.34290299659794,33.257250068249,TRUE
Suri,43.2461822869208,44.2091779675758,12.5446397455034,34.6605201375312,35.4274272192021,9.93419278109848,35.5009972040714,36.2195794963812,10.4266682315426,NDA,0.484,0.451,0.065,-5.15381771307919,-0.890822032424246,6.04463974550343,-0.962995680654949,TRUE
Suti,48.0362209994113,35.0378051129536,16.9259738876352,38.2468342241662,27.9101797185478,13.3795805235433,39.5647385033828,28.9027568096637,14.0170244045393,AITC,0.589,0.262,0.149,-10.8637790005887,8.83780511295357,2.02597388763516,12.9984158864577,TRUE
Swarupnagar,42.6606242001675,37.0142706481671,20.3251051516654,34.0896583217711,29.5111116678302,16.1142876128053,34.9064210154074,30.3294779237598,16.7589373197685,AITC,0.471,0.307,0.222,-4.4393757998325,6.31427064816711,-1.87489484833463,5.64635355200039,TRUE
Taldangra,41.8499760344596,41.4140651412229,16.7359588243175,33.2868772106991,32.9683875405601,13.2424810842696,34.1289243953747,33.6607629684833,13.724180760173,AITC,0.453,0.392,0.155,-3.45002396554038,2.21406514122285,1.23595882431752,0.435910893236766,TRUE
Tamluk,42.112413671521,44.344966832379,13.5426194961,34.0092518974553,35.8530152181912,10.8436095626473,34.9177373854043,36.6410660422216,11.3366598304583,NDA,0.459,0.455,0.086,-3.78758632847898,-1.15503316762097,4.94261949609996,-2.23255316085801,TRUE
Tapan,41.4485569342362,44.2159893168372,14.3354537489265,32.6425314477688,34.8691341174636,11.21168114863,33.5126065972671,35.6429968298435,11.6727223549911,NDA,0.444,0.453,0.103,-2.95144306576376,-1.08401068316276,4.03545374892652,-2.767432382601,TRUE
Tarakeswar,42.6178099716283,43.3873140369453,13.9948759914264,33.9543403818108,34.5894426403743,11.0629254766165,34.7688089923349,35.3093494197917,11.5151915181054,NDA,0.47,0.433,0.097,-4.38219002837168,0.0873140369452514,4.29487599142643,-0.76950406531693,TRUE
Tehatta,41.6697285207978,42.5970763941451,15.7331950850571,33.3603685836988,34.1796824547049,12.5310450987389,34.215876661202,34.8820892923325,13.0068077796005,NDA,0.449,0.417,0.134,-3.23027147920216,0.897076394145088,2.33319508505705,-0.927347873347252,TRUE
Tollyganj,44.6177492817872,34.4496130499192,20.9326376682936,35.3563602611196,27.1988170276924,16.4462463603017,36.2549839716652,28.1093741495276,17.1546992591803,AITC,0.514,0.26,0.226,-6.78225071821278,8.4496130499192,-1.66736233170642,10.168136231868,TRUE
Tufanganj,39.401455408096,47.9973976037193,12.6011469881848,31.3130653031309,38.2517659570235,9.9049403197537,32.3651046966394,39.186097691024,10.4420848767998,NDA,0.398,0.547,0.055,-0.398544591904049,-6.70260239628073,7.10114698818478,-8.59594219562332,TRUE
Udaynarayanpur,44.5174705858401,43.8854631929351,11.5970662212248,35.3047198145569,34.8225334639201,9.0869385011336,36.2005236990566,35.637465420818,9.56118142791692,AITC,0.512,0.442,0.046,-6.68252941415992,-0.314536807064904,6.99706622122483,0.632007392904981,TRUE
Uluberia Dakshin,44.1565263622695,40.1605914764424,15.6828821612882,35.0990915824167,31.9381541158059,12.392788602221,35.9616103131063,32.650423780177,12.8542386441586,AITC,0.504,0.363,0.133,-6.24347363773054,3.86059147644235,2.38288216128818,3.99593488582711,TRUE
Uluberia Purba,41.6276840957267,39.7889474071876,18.5833684970857,32.9138646633649,31.4741649823546,14.6315825110354,33.7740633345219,32.201717556619,15.1582793811842,AITC,0.448,0.36,0.192,-3.17231590427331,3.78894740718757,-0.616631502914256,1.83873668853911,TRUE
Uluberia Uttar,43.6566223722126,40.9190875717078,15.4242900560796,34.4143851859291,32.2696438575587,12.0827330486569,35.2589795730651,32.9725197599097,12.5410247302232,AITC,0.493,0.379,0.128,-5.64337762778737,3.01908757170778,2.62429005607959,2.73753480050485,TRUE
Uttarpara,42.6170332167959,36.0581313755022,21.3248354077019,33.8525259294543,28.5494936208285,16.7855044232503,34.6694206106992,29.4169602332663,17.4943902973058,AITC,0.47,0.29,0.24,-4.38296678320408,7.05813137550222,-2.67516459229812,6.55890184129371,TRUE
